event_director_id,name,,,
1,A Walkington,,,
2,A. R. Murugadoss,,,
3,AL and AL,,,
4,Aaron Schock,,,
5,Abbas Kiarostami,,,
6,Abdellatif Kechiche,,,
7,Abderrahmane Sissako,,,
8,Abidine Dino,,,
9,Abolfazl Jalili,,,
10,Achero Mañas,,,
11,Adam Baybutt,,,
12,Adam Elliot,,,
13,Adam Isenberg,,,
14,Aditya Assarat,,,
15,Adolfo Aristarain,,,
16,Adrian Shergold,,,
17,Adriene Jenik,,,
18,Adrienne Shelly,,,
19,Adrián Biniez,,,
20,Adrián Saba,,,
21,Agnieszka Holland,,,
22,Agnès Jaoui,,,
23,Agnès Varda,,,
24,Agusti Villaronga,,,
25,Agustin Diaz Yanes,,,
26,Aisling Walsh,,,
27,Aitor Arregi,,,
28,Aitor Mazo,,,
29,Aki Kaurismäki,,,
30,Akira Kurosawa,,,
31,Ako Sirini,,,
32,Aktam Arym Kubat,,,
33,Ala Mohseni,,,
34,Alain Gomis,,,
35,Alain Guiraudie,,,
36,Alain Resnais,,,
37,Alan Lowery,,,
38,Alan Mak,,,
39,Alan Miles,,,
40,Alan Parker,,,
41,Alastair Fothergill,,,
42,Albert Lamorisse,,,
43,Albert Lewin,,,
44,Albert Parker,,,
45,Albert Serra,,,
46,Alberto Cavalcanti,,,
47,Alberto Cortés,,,
48,Alberto Gout,,,
49,Alberto Lecchi,,,
50,Alberto Rodríguez,,,
51,Alberto Vendemmiati,,,
52,Alberto ‘Chicho’ Durant,,,
53,Alejandra Sánchez,,,
54,Alejandro Agresti,,,
55,Alejandro Amenábar,,,
56,Alejandro Brugués,,,
57,Alejandro González Iñárritu,,,
58,Alejandro Jodorowsky,,,
59,Alejandro Landes,,,
60,Alejandro Springall,,,
61,Aleksandr Manic,,,
62,Aleksandr Sokurov,,,
63,Aleksei Fedorchenko,,,
64,Aleksei Popogrebsky,,,
65,Alex Cooke,,,
66,Alex Cox,,,
67,Alex Gibney,,,
68,Alex Hassell,,,
69,Alex Holdridge,,,
70,Alex Lai,,,
71,Alex Rivera,,,
72,Alex de la Iglesia,,,
73,Alexander Dovzhenko,,,
74,Alexander Kluge,,,
75,Alexander Mackendrick,,,
76,Alexander Payne,,,
77,Alexander Rogozhkin,,,
78,Alexander Sokurov,,,
79,Alfonso Albacete,,,
80,Alfonso Arau,,,
81,Alfonso Corona Blake,,,
82,Alfonso Cuarón,,,
83,Alfonso Sánchez,,,
84,Alfonso Zarauza,,,
85,Alfred Hitchcock,,,
86,Alfredo B Crevenna,,,
87,Alfredo Cozzi,,,
88,Alice Nellis,,,
89,Alice Rohrwacher,,,
90,Alison Grist,,,
91,Alison Klayman,,,
92,Alison Maclean,,,
93,Alison Peebles,,,
94,Alix Delaporte,,,
95,Allen Hughes,,,
96,Aluizio Abranches,,,
97,Amat Escalante,,,
98,Amir Bar-Lev,,,
99,Amit Dutta,,,
100,Amma Asante,,,
101,Amos Gitai,,,
102,Amy Heckerling,,,
103,Ana Katz,,,
104,Ana Poliak,,,
105,Ana Pérez,,,
106,Anahi Berneri,,,
107,Anand Patwardhan,,,
108,Anat Halachmi,,,
109,Anders Morgenthaler,,,
110,Anders Rønnow-Klarlund,,,
111,Ando Hiroshi,,,
112,Andrea Arnold,,,
113,Andrea Esteban,,,
114,Andreas Dresen,,,
115,Andrei Kravchuk,,,
116,Andrei Tarkovsky,,,
117,Andrei Ujica,,,
118,Andrei Zvyagintsev,,,
119,Andrew Bujalski,,,
120,Andrew Davis,,,
121,Andrew Dominik,,,
122,Andrew Haigh,,,
123,Andrew Jarecki,,,
124,Andrew Kötting,,,
125,Andrew Leavold,,,
126,Andrew Parker,,,
127,Andrew Quigley,,,
128,Andrew lang,,,
129,Andrey Paounov,,,
130,Andrey Zvyagintsev,,,
131,Andrucha Waddington,,,
132,Andrzej Czeczot,,,
133,Andrzej Saramonowicz,,,
134,Andrzej Wajda,,,
135,André Turpin,,,
136,André Téchiné,,,
137,André Øvredal,,,
138,Andrés Waissbluth,,,
139,Andrés Wood,,,
140,Andy Byatt,,,
141,Andy Jones,,,
142,Andy Sidorczuk,,,
143,Andy Wachowski,,,
144,Andy Warhol,,,
145,Ang Lee,,,
146,Angela Christlieb,,,
147,Angie Chen,,,
148,Ania Leszczynska,,,
149,Anita Dube,,,
150,Anja Kirschner,,,
151,Ann Hui,,,
152,Ann Turner,,,
153,Anna Biller,,,
154,Anna Boden,,,
155,Anna Novion,,,
156,Anne Fontaine,,,
157,Annette K. Olesen,,,
158,Annie Griffin,,,
159,Annie Sundberg,,,
160,Anthony Chen,,,
161,Anthony Drazan,,,
162,Anthony Minghella,,,
163,Antoine de Gaudemar,,,
164,Anton Corbijn,,,
165,Antonia San Juan,,,
166,Antonino Isordia,,,
167,Antonio Banderas,,,
168,Antonio Campos,,,
169,Antonio Chavarrías,,,
170,Antonio Cuadri,,,
171,Antonio Dorado,,,
172,Antonio Hens,,,
173,Antonio Hernández,,,
174,Antonio Luigi Grimaldi,,,
175,Anurag Kashyap,,,
176,Anusha Rizvi,,,
177,Anwar Jamal,,,
178,Aoyama Shinji,,,
179,Aparna Sen,,,
180,Apichatpong Weerasethakul,,,
181,Ari Alexander Ergis Magnusson,,,
182,Ari Folman,,,
183,Arik Kaplun,,,
184,Armando Iannucci,,,
185,Arnaud Desplechin,,,
186,Arnaud des Pallières,,,
187,Arnold Krøigaard,,,
188,Arthur Dong,,,
189,Arthur Joffé,,,
190,Arthur Penn,,,
191,Arturo Ripstein,,,
192,Asger Leth,,,
193,Asghar Farhadi,,,
194,Ashim Ahluwalia,,,
195,Ashish Avikunthak,,,
196,Ashley Horner,,,
197,Ashraf Abbas,,,
198,Ashutosh Gowariker,,,
199,Asier Altuna,,,
200,Asif Kapadia,,,
201,Asoka Handagama,,,
202,Astrid Henning-Jensen,,,
203,Asvin Kumar,,,
204,Athina Rachel Tsangari,,,
205,Atiq Rahimi,,,
206,Atom Egoyan,,,
207,Aubrey Lam,,,
208,Auraeus Solito,,,
209,Aurélien Froment,,,
210,Avgousta Zourelidi,,,
211,Avi Mograbi,,,
212,Ayelet Bechar,,,
213,Ayse Polat,,,
214,Azazel Jacobs,,,
215,B.Z. Goldberg,,,
216,Babak Payami,,,
217,Bady Minck,,,
218,Bae Chang-Ho,,,
219,Bahman Ghobadi,,,
220,Baltasar Kormakur,,,
221,Banksy,,,
222,Barbara Kopple,,,
223,Barbara Wong,,,
224,Barnaby Southcombe,,,
225,Barry Blaustein,,,
226,Barry Levinson,,,
227,Bart Layton,,,
228,Basil Dearden,,,
229,Basil Gepke,,,
230,Bavo Defurne,,,
231,Baz Luhrmann,,,
232,Becky Payne,,,
233,Ben Hopkins,,,
234,Ben Lewin,,,
235,Ben Rivers,,,
236,Ben Thomas,,,
237,Ben Timlett,,,
238,Ben Wheatley,,,
239,Benedict Erlingsson,,,
240,Benh Zeitlin,,,
241,Benicio del Toro,,,
242,Benito Zambrano,,,
243,Benjamin Turner,,,
244,Benjamin ávila,,,
245,Bennett Miller,,,
246,Benoit Jacquot,,,
247,Benoit Mariage,,,
248,Benoît Delépine,,,
249,Bent Hamer,,,
250,Bent Hammer,,,
251,Bernard Rose,,,
252,Bernardo Bertolucci,,,
253,Bert Stern,,,
254,Bertrand Bonello,,,
255,Bertrand Tavernier,,,
256,Bestar Cram,,,
257,Beto Brant,,,
258,Bette McLeod,,,
259,Bigas Luna,,,
260,Bijan Sheibani,,,
261,Bill Jones,,,
262,Bill Morrison,,,
263,Bille Eltrincham,,,
264,Billy Wilder,,,
265,Blake Edwards,,,
266,Bob Fosse,,,
267,Bob Giraldi,,,
268,Bob Kelljan,,,
269,Bob Rafelson,,,
270,Bob Smeaton,,,
271,Bob and Roberta Smith,,,
272,Bohdan Slama,,,
273,Bong Joon-ho,,,
274,Boodee Keerthisena,,,
275,Boris Baberkoff,,,
276,Borja Manso,,,
277,Bouli Lanners,,,
278,Bourhan Alawiyeh,,,
279,Brad Bird,,,
280,Brad Butler,,,
281,Brek Taylor,,,
282,Brett Morgan,,,
283,Brett Ratner,,,
284,Brian Clemens,,,
285,Brian Dannelly,,,
286,Brian De Palma,,,
287,Brian Desmond,,,
288,Brian Henson,,,
289,Brian Percival,,,
290,Brice Cauvin,,,
291,Brillante Mendoza,,,
292,Bruce La Bruce,,,
293,Bruce LaBruce,,,
294,Bruce McDonald,,,
295,Bruce Petty,,,
296,Bruce Robinson,,,
297,Bruce Weber,,,
298,Bruno Dumont,,,
299,Bruno Forzani,,,
300,Bruno Podalydés,,,
301,Bryan Forbes,,,
302,Burr Steers,,,
303,Buster Keaton,,,
304,Byambasuren Davaa,,,
305,Béla Tarr,,,
306,Cam Archer,,,
307,Camila Guzmán Urzúa,,,
308,Cao Fei,,,
309,Cao Hamburger,,,
310,Carine Adler,,,
311,Carl Boese,,,
312,Carl Franklin,,,
313,Carl Theodor Dreyer,,,
314,Carla Subirana,,,
315,Carles Torras,,,
316,Carlo Mazzacurati,,,
317,Carlo Verdone,,,
318,Carlos Armella,,,
319,Carlos Bolado,,,
320,Carlos Carrera,,,
321,Carlos Cuarón,,,
322,Carlos César Arbeláez,,,
323,Carlos Iglesias,,,
324,Carlos Larrondo,,,
325,Carlos Molinero,,,
326,Carlos Moreno,,,
327,Carlos Padrissa,,,
328,Carlos Reygadas,,,
329,Carlos Saura,,,
330,Carlos Serrano Azcona,,,
331,Carlos Sorin,,,
332,Carol Lai,,,
333,Carol Morley,,,
334,Carol Reed,,,
335,Caroline Link,,,
336,Carrie Cracknell,,,
337,Cary Fukunaga,,,
338,Cary Joji Fukunaga,,,
339,Cate Shortland,,,
340,Catherine Breillat,,,
341,Catherine Corsini,,,
342,Catherine Hardwicke,,,
343,Catherine Masud,,,
344,Catxo,,,
345,Cecilia Neant-Falk,,,
346,Cecilia Peck,,,
347,Cesc Gay,,,
348,Chandra Barot,,,
349,Chang Chen,,,
350,Chantal Akerman,,,
351,Charles Burnett,,,
352,Charles Crichton,,,
353,Charles Ferguson,,,
354,Charles Laughton,,,
355,Charles Russell,,,
356,Charles Vidor,,,
357,Charles Walters,,,
358,Charlie Ahearn,,,
359,Charlie Chaplin,,,
360,Charlie Fink,,,
361,Charlie Kaufman,,,
362,Cheick Fantamady Camara,,,
363,Cheik Doukouré,,,
364,Chema de la Peña,,,
365,Chen Chieh-jen,,,
366,Chen Kaige,,,
367,Chiman Rahimi,,,
368,Chiqui Carabante,,,
369,Chris Atkins,,,
370,Chris Brown,,,
371,Chris Columbus,,,
372,Chris Gardner,,,
373,Chris Hall,,,
374,Chris Hegedus,,,
375,Chris Kraus,,,
376,Chris Marker,,,
377,Chris Morris,,,
378,Chris Paine,,,
379,Chris Paul Daniels,,,
380,Chris Smith,,,
381,Chris Waitt,,,
382,Christian Carion,,,
383,Christian Fauré,,,
384,Christian Frei,,,
385,Christian Molina,,,
386,Christian Petzold,,,
387,Christian Volckman,,,
388,Christine Jeffs,,,
389,Christine Molloy,,,
390,Christoffer Boe,,,
391,Christophe Barratier,,,
392,Christophe Gans,,,
393,Christophe Honoré,,,
394,Christopher Doyle,,,
395,Christopher Guest,,,
396,Christopher Martin,,,
397,Christopher McQuarrie,,,
398,Christopher Nolan,,,
399,Chuan Lu,,,
400,Chuck Parello,,,
401,Chus Gutiérrez,,,
402,Ciro Guerra,,,
403,Claire Denis,,,
404,Claude Chabrol,,,
405,Claude Friese-Greene,,,
406,Claude Miller,,,
407,Claude Nuridsany,,,
408,Claudia Llosa,,,
409,Claudio Von Planta,,,
410,Clement Cheng,,,
411,Clint Eastwood,,,
412,Clio Barnard,,,
413,Clive Donner,,,
414,Clyde Bruckman,,,
415,Coco Schreiber,,,
416,Col Spector,,,
417,Colin Trevorrow,,,
418,Coline Serreau,,,
419,Connor Clements,,,
420,Conor McPherson,,,
421,Constance Marks,,,
422,Constantin Popescu,,,
423,Coralie Trinh Thi,,,
424,Corneliu Porumboiu,,,
425,Courtney Hunt,,,
426,Craig Gillespie,,,
427,Craig Teper,,,
428,Craig Zobel,,,
429,Cristi Puiu,,,
430,Cristian Mungiu,,,
431,Cristian Nemescu,,,
432,Cristina Comencini,,,
433,Cristián Jiménez,,,
434,Cyril Coke,,,
435,Cédric Kahn,,,
436,Cédric Klapisch,,,
437,Céline Sciamma,,,
438,César Charlone,,,
439,D.A. Pennebaker,,,
440,D.G. Phalke,,,
441,D.R. Hood,,,
442,Dagur Kári,,,
443,Dai Sijie,,,
444,Dalia Hager,,,
445,Damian Pettigrew,,,
446,Damien O'Donnell,,,
447,Damien Odoul,,,
448,Damjan Kozole,,,
449,Dan Grover,,,
450,Dan Harris,,,
451,Dan Ollman,,,
452,Dana Lustig,,,
453,Danae Elon,,,
454,Danial Burman,,,
455,Daniel Alfredson,,,
456,Daniel Auteuil,,,
457,Daniel Burman,,,
458,Daniel Calparsoro,,,
459,Daniel Cebrián,,,
460,Daniel Fridell,,,
461,Daniel Garcia,,,
462,Daniel Geller,,,
463,Daniel Gordon,,,
464,Daniel Hendler,,,
465,Daniel Kolo Sanou,,,
466,Daniel McPake,,,
467,Daniel Monzón,,,
468,Daniel Myrick,,,
469,Daniel Nettheim,,,
470,Daniel Sekulich,,,
471,Daniel Sánchez Arévalo,,,
472,Daniel Sánchez Arévelo,,,
473,Daniel Vega Vidal,,,
474,Daniela Fejerman,,,
475,Daniela Thomas,,,
476,Daniele Luchetti,,,
477,Danis Tanovic,,,
478,Danièle Thompson,,,
479,Danny,,,
480,Danny Boyle,,,
481,Danny O'Connor,,,
482,Danny Verete,,,
483,Dante Lam,,,
484,Dany Boon,,,
485,Dario Argento,,,
486,Darren Aronofsky,,,
487,Dave McKean,,,
488,Davey Frankel,,,
489,David Butler,,,
490,David Cronenberg,,,
491,David Fincher,,,
492,David France,,,
493,David Gordon Green,,,
494,David L Williams,,,
495,David LaChapelle,,,
496,David Lambert,,,
497,David Lane,,,
498,David Leaf,,,
499,David Lean,,,
500,David Lillo,,,
501,David Lowery,,,
502,David Lynch,,,
503,David MacKenzie,,,
504,David Mamet,,,
505,David Menkes,,,
506,David Michôd,,,
507,David Moreton,,,
508,David Morris,,,
509,David Ondricek,,,
510,David Panos,,,
511,David Pastor,,,
512,David Planell,,,
513,David Riker,,,
514,David Siegal,,,
515,David Siegel,,,
516,David Sington,,,
517,David Thompson,,,
518,David Tomkins,,,
519,David Ulloa,,,
520,David Yates,,,
521,David Zellner,,,
522,David. O. Russell,,,
523,Davide Ferrario,,,
524,Davis Guggenheim,,,
525,Dayna Goldfine,,,
526,Dean Deblois,,,
527,Dean Threadgold,,,
528,Deborah Day,,,
529,Deborah Dickson,,,
530,Deborah Hoffman,,,
531,Deborah Warner,,,
532,Debra Granik,,,
533,Declan Lowney,,,
534,Deepa Mehta,,,
535,Delphine Gleize,,,
536,Demian Sabini,,,
537,Denis Dercourt,,,
538,Denis Villeneuve,,,
539,Dennis Gansel,,,
540,Dennis Hopper,,,
541,Dennis O’Rourke,,,
542,Denys Arcand,,,
543,Derek Beaumont,,,
544,Derek Cianfrance,,,
545,Derek Jarman,,,
546,Derek Kwok,,,
547,Derick Martini,,,
548,Destin Cretton,,,
549,Detlev Buck,,,
550,Diana Groó,,,
551,Diane Crespo,,,
552,Diane Kurys,,,
553,Dick Carruthers,,,
554,Dick Jewell,,,
555,Diego Galán,,,
556,Diego Lerman,,,
557,Diego Luna,,,
558,Diego Quemada-Díez,,,
559,Diego Vega Vidal,,,
560,Diego Velasco,,,
561,Dilip Mehta,,,
562,Dir Joseph von Sternberg,,,
563,Dir Majid Majidi,,,
564,Dir Raoul Walsh,,,
565,Dirk Simon,,,
566,Dito Montiel,,,
567,Djamila Sahraoui,,,
568,Djo Munga,,,
569,Dom Rotheroe,,,
570,Dominga Sotomayor Castillo,,,
571,Dominic Cooke,,,
572,Dominic Durham,,,
573,Dominic Harari,,,
574,Dominik Moll,,,
575,Dominique Cardona,,,
576,Dominique Standaert,,,
577,Don Argott,,,
578,Don Chaffey,,,
579,Don Letts,,,
580,Don Siegel,,,
581,Donald Cammell,,,
582,Donatella Maiorca,,,
583,Doris Dörrie,,,
584,Dorota Kedzierzawska,,,
585,Doug McGrath,,,
586,Doug Pray,,,
587,Douglas Camfield,,,
588,Douglas Crawford,,,
589,Douglas Gordon,,,
590,Douglas Sirk,,,
591,Dov Gil-Har,,,
592,Dover Kosashvili,,,
593,Drake Doremus,,,
594,Dror Moreh,,,
595,Duane Hopkins,,,
596,Duncan Jones,,,
597,Duncan Tucker,,,
598,Dunia Asayo,,,
599,Dunia Ayaso,,,
600,Duscan Makavejev,,,
601,Dustin Hoffman,,,
602,Dyl 'Goch' Jones,,,
603,Dylan Goch,,,
604,Dylan Kidd,,,
605,Dylan Southern,,,
606,Dörte Franke,,,
607,E J-Yong,,,
608,E. Elias Merhige,,,
609,Ebrahim Saeedi,,,
610,Ed Harris,,,
611,Eddie Robson,,,
612,Eddy Moretti,,,
613,Edgar Morin,,,
614,Edgar Reitz,,,
615,Edgar Wright,,,
616,Edoardo Winspeare,,,
617,Eduard Cortés,,,
618,Eduardo Mignogna,,,
619,Eduardo Milwicz,,,
620,Edward Bennett,,,
621,Edward Styles,,,
622,Edward Yang,,,
623,Elaine Constantine,,,
624,Eleanor Marechal,,,
625,Elem Klimov,,,
626,Elia Kazan,,,
627,Elia Suleiman,,,
628,Elisabet Cabeza,,,
629,Elizabeth Mitchell,,,
630,Elle Flanders,,,
631,Ellen Seidler,,,
632,Elliot Berlin,,,
633,Eluardo Sanchez,,,
634,Emad Ali,,,
635,Emanuele Crialese,,,
636,Emeric Pressburger,,,
637,Emilio Aragón,,,
638,Emilio Fernández,,,
639,Emilio Maillé,,,
640,Emilio Martínez-Lazaro,,,
641,Emilio Vieyra,,,
642,Emily James,,,
643,Emir Kusturica,,,
644,Emma Bernard,,,
645,Emmanuel Carrère,,,
646,Emmanuel Laurent,,,
647,Enric Folch,,,
648,Enrico Pau,,,
649,Enrique Fernández,,,
650,Enrique Gabriel,,,
651,Enrique Rivero,,,
652,Eran Kolirin,,,
653,Eran Riklis,,,
654,Erez Tadmor,,,
655,Eric Barbier,,,
656,Eric Khoo,,,
657,Eric Lahgras,,,
658,Eric Lartigau,,,
659,Eric Mendelsohn,,,
660,Eric Rohmer,,,
661,Eric Toledano,,,
662,Eric Valli,,,
663,Erick Zonca,,,
664,Erik Knudsen,,,
665,Erik Poppe,,,
666,Erik Skjoldbærg,,,
667,Ermanno Olmi,,,
668,Ernest B. Schoedsack,,,
669,Ernesto Contreras,,,
670,Ernst Lubitsch,,,
671,Errol Morris,,,
672,Erroll Morris,,,
673,Esteban Larraín,,,
674,Esteban Menis,,,
675,Esteban Sapir,,,
676,Estephan Wagner,,,
677,Esteve Riambau,,,
678,Eterio Ortega,,,
679,Ethan Coen,,,
680,Etienne Chatiliez,,,
681,Ettore Scola,,,
682,Euzhan Palcy,,,
683,Eva Lesmes,,,
684,Everardo Gónzalez,,,
685,Ewald Andre Dupont,,,
686,Eytan Fox,,,
687,F. Javier Gutiérrez,,,
688,F.W. Murnau,,,
689,FW Murnau,,,
690,Fabián Bielinsky,,,
691,Fabrice Du Welz,,,
692,Fabrizio Lazzaretti,,,
693,Fanny Armstrong,,,
694,Fanta Régina Nacro,,,
695,Faouzi Bensaidi,,,
696,Fatih Akin,,,
697,Federico Fellini,,,
698,Felipe Cazals,,,
699,Felix Sabroso,,,
700,Felix Van Groeningen,,,
701,Feng Xiaogang,,,
702,Fenton Bailey,,,
703,Feo Aladag,,,
704,Fernando Colomo,,,
705,Fernando De Fuentes,,,
706,Fernando Eimbcke,,,
707,Fernando Fernán Gómez,,,
708,Fernando Guillén Cuervo,,,
709,Fernando Léon de Aranoa,,,
710,Fernando Meirelles,,,
711,Fernando Méndez,,,
712,Fernando Pérez,,,
713,Fernando Solanas,,,
714,Fernando Trueba,,,
715,Fernán Rudnik,,,
716,Ferzan Ozpetek,,,
717,Filip Remunda,,,
718,Fina Torres,,,
719,Fiorella Infascelli,,,
720,Florent de La Tullaye,,,
721,Florian Habicht,,,
722,Florian Henckel von Donnersmarck,,,
723,Franc Roddam,,,
724,Frances Lea,,,
725,Frances Reid,,,
726,Francesco Munzi,,,
727,Francis Ford Coppola,,,
728,Francis Veber,,,
729,Francisco Vargas,,,
730,Franco Rossi,,,
731,Franco Zeffirelli,,,
732,Frank Capra,,,
733,Frank Hurley,,,
734,Frank Madone,,,
735,Frank Miller,,,
736,Frank Osten,,,
737,Frank Ripploh,,,
738,Frank Tashlin,,,
739,Franny Armstrong,,,
740,Franz Osten,,,
741,François Armanet,,,
742,François Dupeyron,,,
743,François Ozon,,,
744,François Truffaut,,,
745,Fred Cavayé,,,
746,Fred Kihn,,,
747,Fred Zinnemann,,,
748,Frederic Fonteyne,,,
749,Frederick Wiseman,,,
750,Fridrik Thor Fridriksson,,,
751,Fritz Lang,,,
752,Fruit Chan,,,
753,Frédéric Auburtin,,,
754,Fung King-long,,,
755,Félix Viscarret,,,
756,GW Pabst,,,
757,Gabe Turner,,,
758,Gabriel Axel,,,
759,Gabriel Medina,,,
760,Gabriel Nesci,,,
761,Gabriel Velázquez,,,
762,Gabriela Cowperthwaite,,,
763,Gabriele Muccino,,,
764,Gabriele Salvatores,,,
765,Gael García Bernal,,,
766,Gakuryu Ishii,,,
767,Gareth Davies,,,
768,Garin Nugroho,,,
769,Gary Hustwit,,,
770,Gary Sherman,,,
771,Gary Winick,,,
772,Gaspar Noé,,,
773,Gastón Biraben,,,
774,Gavin Hood,,,
775,Gaël Morel,,,
776,Geir Hansteen Jörgensen,,,
777,Gela Babluani,,,
778,Gene Kelly,,,
779,Geoffrey Einthoven,,,
780,Geoge Kuchar,,,
781,George Armitage,,,
782,George Clooney,,,
783,George Cukor,,,
784,George Dunning,,,
785,George Kuchar,,,
786,George Romero,,,
787,George Seaton,,,
788,George Sidney,,,
789,George Stevens,,,
790,Georges Franju,,,
791,Georges Hachem,,,
792,Gerado Vera,,,
793,Gerard Pirès,,,
794,Gerardo Chijona,,,
795,Gerardo Naranjo,,,
796,Gerardo Tort,,,
797,Gerardo Vera,,,
798,Gereon Wetzel,,,
799,Germaine Dulac,,,
800,Gian Paolo Cugno,,,
801,Gianni Amelio,,,
802,Gianni Di Gregorio,,,
803,Giddens Ko,,,
804,Gideon Koppel,,,
805,Gilberto Martinez Solares,,,
806,Gilles Bourdos,,,
807,Gilles Paquet-Brenner,,,
808,Gillian Armstrong,,,
809,Gillian Wearing,,,
810,Gillies MacKinnon,,,
811,Gillo Potecorvo,,,
812,Giorgos Lanthimos,,,
813,Giovanni Veronesi,,,
814,Giuseppe Tornatore,,,
815,Glenn Leyburn,,,
816,Gonzalo Lopez-Gallego,,,
817,Gonzalo Suárez,,,
818,Goran Hugo Olsson,,,
819,Gordon Flemyng,,,
820,Gordon Parks,,,
821,Goro Miyazaki,,,
822,Gough Lewis,,,
823,Graham Clayton-Chance,,,
824,Grant Gee,,,
825,Grant Heslov,,,
826,Greg Araki,,,
827,Greg Camalier,,,
828,Greg Hall,,,
829,Greg Olliver,,,
830,Gregg Araki,,,
831,Gregg Gribbs,,,
832,Gregory Doran,,,
833,Grigori Kosintsev,,,
834,Grojo,,,
835,Gruff Rhys,,,
836,Guido Manuli,,,
837,Guillaume Canet,,,
838,Guillaume Nicloux,,,
839,Guillem Morales,,,
840,Guillermo Arriaga,,,
841,Guillermo Fesser,,,
842,Guillermo Ibanez,,,
843,Guillermo del Toro,,,
844,Gunther von Fritsch,,,
845,Gurinder Chadha,,,
846,Gus Van Sant,,,
847,Gustave Kervern,,,
848,Gustavo Gamou,,,
849,Gustavo Hernandez,,,
850,Gustavo Taretto,,,
851,Guy Hamilton,,,
852,Guy Maddin,,,
853,Guy Nativ Israel,,,
854,Gwen Haworth,,,
855,György Pálfi,,,
856,Gérard Corbiau,,,
857,Gérard Depardieu,,,
858,Göran Olsson,,,
859,Götz Spielmann,,,
860,Haifaa Al-Mansour,,,
861,Haim Tabakman,,,
862,Hal Ashby,,,
863,Hal Haberman,,,
864,Hala Lotfy,,,
865,Hamish Hamilton,,,
866,Hammad Khan,,,
867,Hana Makhmalbaf,,,
868,Hanan Abdalla,,,
869,Hanif Kureishi,,,
870,Hannah Morgan,,,
871,Hannes Stöhr,,,
872,Hanno Höfer,,,
873,Hans Fjellestad,,,
874,Hans Weingartner,,,
875,Hans-Christian Schmid,,,
876,Hansjürgen Pohland,,,
877,Hany Abu-Assad,,,
878,Harmony Korine,,,
879,Harold Ramis,,,
880,Haroun Farocki,,,
881,Harry Farnham,,,
882,Harry O. Hoyt,,,
883,Haskell Wexler,,,
884,Hassan Ali Mahmud,,,
885,Hattie MacDonald,,,
886,Hayao Miyazaki,,,
887,He Park Heungsik,,,
888,Heather Tobin,,,
889,Hector Babenco,,,
890,Heidi Ewing,,,
891,Heiward Mak,,,
892,Helen Ahlsson,,,
893,Helen Gaynor,,,
894,Helen Stickler,,,
895,Helena Taberna,,,
896,Helke Sander,,,
897,Hellmuth Costard,,,
898,Helmut Käutner,,,
899,Henri-George Clouzot,,,
900,Henrique Goldman,,,
901,Henry Bean,,,
902,Henry Joost,,,
903,Henry Koster,,,
904,Herb Hsu Li-wen,,,
905,Herman Axelbank,,,
906,Hideo Nakata,,,
907,Hiner Saleem,,,
908,Hirokazu Kore-Eda,,,
909,Hirokazu Koreeda,,,
910,Hiromasa Yonebayashi,,,
911,Hiyao Miyazaki,,,
912,Hong Khaou,,,
913,Hong Sangsoo,,,
914,Hong-Jin Na,,,
915,Hossein Amini,,,
916,Hou Hsiao-hsien,,,
917,Howard Davies,,,
918,Howard Hawks,,,
919,Huang Wenhai,,,
920,Hubert Sauper,,,
921,Hugh Hartford,,,
922,Hugo Rodríguez,,,
923,Husen Hasan,,,
924,Hélène Cattet,,,
925,Ibrahim El Batout,,,
926,Ice-T,,,
927,Icíar Bollaín,,,
928,Ida Lupino,,,
929,Ido Haar,,,
930,Idrissa Ouedraogo,,,
931,Ignacio Castillo Cottin,,,
932,Ignacio Ferreras,,,
933,Il-Gon Song,,,
934,Ilan Saragosti,,,
935,Ilil Alexander,,,
936,Imanol Uribe,,,
937,Ineke Houtman,,,
938,Ingmar Bergman,,,
939,Inés Paris,,,
940,Ioana Uricaru,,,
941,Ionathan Klajman,,,
942,Ira Sachs,,,
943,Irving Rapper,,,
944,Isaac Julien,,,
945,Isaac P. Racine,,,
946,Isabel Coixet,,,
947,Isao Takahata,,,
948,Ishiro Honda,,,
949,Isidro Ortiz,,,
950,Ismail Merchant,,,
951,Ismaël Ferroukhi,,,
952,Israel Adrián Caetano,,,
953,Israel Cárdenas,,,
954,Issac Eppel,,,
955,Issac Julien,,,
956,Istvan Szabo,,,
957,Itzel Martinez,,,
958,Ivan Zulueta,,,
959,Ivo Gormley,,,
960,Ivy Ho,,,
961,Iván Mora Manzano,,,
962,J. B. L. Noel,,,
963,J. Lee Thompson,,,
964,Jack Clayton,,,
965,Jack Gold,,,
966,Jack Rosenthal,,,
967,Jack Tew,,,
968,Jacques Audiard,,,
969,Jacques Demy,,,
970,Jacques Deray,,,
971,Jacques Maillot,,,
972,Jacques Martineau,,,
973,Jacques Perretti,,,
974,Jacques Perrin,,,
975,Jacques Rivette,,,
976,Jacques Tati,,,
977,Jacques Tourneur,,,
978,Jacquest Tourner,,,
979,Jacqui Morris,,,
980,Jafar Panahi,,,
981,Jaime Camino,,,
982,Jaime Marqués Olarreaga,,,
983,Jaime Rosales,,,
984,Jaime de Armiñán,,,
985,Jairo Carrillo,,,
986,Jalil Lespert,,,
987,Jalmari Helander,,,
988,Jameel Kazmi,,,
989,James Bolton,,,
990,James Erskine,,,
991,James Fisher,,,
992,James Foley,,,
993,James Hersoy,,,
994,James Ivory,,,
995,James Kenyon,,,
996,James Longley,,,
997,James Mactaggart,,,
998,James Marsh,,,
999,James Moll,,,
1000,James Ronald Whitney,,,
1001,James Russell,,,
1002,Jamie Jay Johnson,,,
1003,Jamie Kastner,,,
1004,Jamie Shovlin,,,
1005,Jamie Thraves,,,
1006,Jamil Rostami,,,
1007,Jan Dunn,,,
1008,Jan Hrebejk,,,
1009,Jan Kounen,,,
1010,Jan Svankmajer,,,
1011,Jan Troell,,,
1012,Jane Campion,,,
1013,Jane Chablani,,,
1014,Jardine Sage,,,
1015,Jared Hess,,,
1016,Jasmine Hetherington-Wilkes,,,
1017,Jason Bradbury,,,
1018,Jason Reitman,,,
1019,Jason Spingarn-Koff,,,
1020,Jasper Britton,,,
1021,Jaume Balagueró,,,
1022,Jaume Mateu Adrover,,,
1023,Javier Corcuera,,,
1024,Javier Fesser,,,
1025,Javier Fuentes León,,,
1026,Javier Mariscal,,,
1027,Jay Bulger,,,
1028,Jay McNamara,,,
1029,Jean Becker,,,
1030,Jean Cocteau,,,
1031,Jean Renoir,,,
1032,Jean Rouch,,,
1033,Jean Vigo,,,
1034,Jean-François Pouliot,,,
1035,Jean-François Richet,,,
1036,Jean-Jacques Beineix,,,
1037,Jean-Luc Godard,,,
1038,Jean-Marc Vallée,,,
1039,Jean-Paul Salomé,,,
1040,Jean-Pierre Dardenne,,,
1041,Jean-Pierre Jeunet,,,
1042,Jean-Pierre Melville,,,
1043,Jean-Pierre Sinapi,,,
1044,Jeanine Meerapfel,,,
1045,Jeanne Crépeau,,,
1046,Jeannot Szwarc,,,
1047,Jeff Blitz,,,
1048,Jeff Feuerzeig,,,
1049,Jeff Nichols,,,
1050,Jeff Orlowski,,,
1051,Jeff Simpson,,,
1052,Jeff Stilson,,,
1053,Jeff Zimbalist,,,
1054,Jeffrey Blitz,,,
1055,Jeffrey Friedman,,,
1056,Jeffrey Levy-Hinte,,,
1057,Jeffrey Schwarz,,,
1058,Jehane Noujaim,,,
1059,Jem Cohen,,,
1060,Jem Cohen and Peter Sillen,,,
1061,Jennifer Abbott,,,
1062,Jennifer Devoldère,,,
1063,Jennifer Fearnley,,,
1064,Jennifer Marguerite Hargrave,,,
1065,Jeong Jae-eun,,,
1066,Jeremy Gilley,,,
1067,Jeremy Passmore,,,
1068,Jeremy Saulnier,,,
1069,Jeroen Berkvens,,,
1070,Jerome Robbins,,,
1071,Jerry Rothwell,,,
1072,Jerry Schatzberg,,,
1073,Jervis Suen,,,
1074,Jerzy Skolimowski,,,
1075,Jes Benstock,,,
1076,Jessey Tsang Tsui-Shan,,,
1077,Jessica Haussner,,,
1078,Jessica Joywise,,,
1079,Jez Lewis,,,
1080,Jhonny Hendrix,,,
1081,Ji-woon Kim,,,
1082,Jia Zhang Ke,,,
1083,Jia Zhangke,,,
1084,Jim Fall,,,
1085,Jim Fields,,,
1086,Jim Henson,,,
1087,Jim Hubbard,,,
1088,Jim Jarmusch,,,
1089,Jim Loach,,,
1090,Jim Mickle,,,
1091,Jim Morgan,,,
1092,Jim Sheridan,,,
1093,Jimmy T. Murakami,,,
1094,Jiří Barta,,,
1095,Jiří Trnka,,,
1096,Jo Sol,,,
1097,Joachim Lafosse,,,
1098,Joachim Trier,,,
1099,Joan Marimón,,,
1100,Joana Hadjithomas,,,
1101,Joann Sfar,,,
1102,Joanna Hogg,,,
1103,Joanna Natasegara,,,
1104,Joao Moreira Salles,,,
1105,Joaquin Oristrell,,,
1106,Joaquím Jordá,,,
1107,Jocelyn Moorhouse,,,
1108,Jochen Hick,,,
1109,Joe Cornish,,,
1110,Joe Dante,,,
1111,Joe Efstathiou,,,
1112,Joe Fab,,,
1113,Joe King,,,
1114,Joe Lawlor,,,
1115,Joe Maggio,,,
1116,Joe Massot,,,
1117,Joe Wright,,,
1118,Joel Coen,,,
1119,Joel Fendelman,,,
1120,Joel Hopkins,,,
1121,Johan Grimonprez,,,
1122,John Akomfrah,,,
1123,John Appel,,,
1124,John Barker,,,
1125,John Berry,,,
1126,John Boorman,,,
1127,John Boskovich,,,
1128,John Boulting,,,
1129,John Cameron Mitchell,,,
1130,John Carney,,,
1131,John Carpenter,,,
1132,John Cassavetes,,,
1133,John E. Blakeley,,,
1134,John Fawcett,,,
1135,John Ford,,,
1136,John Frankenheimer,,,
1137,John Grierson,,,
1138,John H Lee,,,
1139,John Halas,,,
1140,John Hillcoat,,,
1141,John Hughes,,,
1142,John Huston,,,
1143,John Lasseter,,,
1144,John Mackenzie,,,
1145,John Madden,,,
1146,John Malkovich,,,
1147,John Maybury,,,
1148,John McNaughton,,,
1149,John McTiernan,,,
1150,John Michael McDonagh,,,
1151,John Patrick Shanley,,,
1152,John Pilger,,,
1153,John Rogers,,,
1154,John Ross,,,
1155,John Sayles,,,
1156,John Scagliotti,,,
1157,John Scheinfeld,,,
1158,John Schlesinger,,,
1159,John Turturro,,,
1160,John Waters,,,
1161,Johnnie To,,,
1162,Jolanta Dylewska,,,
1163,Jon Amiel,,,
1164,Jon Favreau,,,
1165,Jon Garaño,,,
1166,Jon Reiss,,,
1167,Jonas Cuarón,,,
1168,Jonas Åkerlund,,,
1169,Jonathan Caouette,,,
1170,Jonathan Dayton,,,
1171,Jonathan Demme,,,
1172,Jonathan Glazer,,,
1173,Jonathan Hodgson,,,
1174,Jonathan Holiff,,,
1175,Jonathan Jakubowicz,,,
1176,Jonathan Teplitzky,,,
1177,Jordan Vogt-Roberts,,,
1178,Jordi Cadena,,,
1179,Jorge Gaggero,,,
1180,Jorge Grau,,,
1181,Jorge Michel Grau,,,
1182,Jorge Olguín,,,
1183,Jorge Sánchez-Cabezudo,,,
1184,Josef von Sternberg,,,
1185,Josell Ramos,,,
1186,Joseph Gordon-Levitt,,,
1187,Joseph H Lewis,,,
1188,Joseph L. Mankiewicz,,,
1189,Joseph Losey,,,
1190,Joseph McGinty Nichol,,,
1191,Joseph Vilsmaier,,,
1192,Josh Appignanesi,,,
1193,Josh Aronson,,,
1194,Joshua Dugdale,,,
1195,Joshua Marston,,,
1196,Joshua Oppenheimer,,,
1197,Josie Rourke,,,
1198,Joss Whedon,,,
1199,Josué Méndez,,,
1200,José Antonio Cordero,,,
1201,José Antonio Quirós,,,
1202,José Antonio Salgot,,,
1203,José Corbacho,,,
1204,José Henrique Fonseca,,,
1205,José Luis Borau,,,
1206,José Luis Cuerda,,,
1207,José Luis Garci,,,
1208,José Luis García Sánchez,,,
1209,José Luis López-Linares Javier Rioyo,,,
1210,José Luís Guerin,,,
1211,José Manuel González-Berbel,,,
1212,José Marí Goenaga,,,
1213,José María Berzosa,,,
1214,José María Goenaga,,,
1215,José Padilha,,,
1216,Joy Batchelor,,,
1217,Juan Antonio Bardem,,,
1218,Juan Antonio Bayona,,,
1219,Juan Calvo,,,
1220,Juan Carlos Cremata,,,
1221,Juan Carlos Fresnadillo,,,
1222,Juan Carlos Rulfo,,,
1223,Juan Carlos Tabío,,,
1224,Juan Cruz,,,
1225,Juan José Campanella,,,
1226,Juan López Moctezuma,,,
1227,Juan Martinez Moreno,,,
1228,Juan Martínes Moreno,,,
1229,Juan Pablo Rebella,,,
1230,Juan Taratuo,,,
1231,Juan Vicente Córdoba,,,
1232,Juanjo Giménez Peña,,,
1233,Juanma Bajo Ulloa,,,
1234,Judith Colell,,,
1235,Judy Kibinge,,,
1236,Jules Dassin,,,
1237,Julia Bacha,,,
1238,Julia Leigh,,,
1239,Julia Query,,,
1240,Julia Solomonoff,,,
1241,Julian Schnabel,,,
1242,Julian Temple,,,
1243,Julie Bertucelli,,,
1244,Julie Beruccelli,,,
1245,Julie Delpy,,,
1246,Julie Gavras,,,
1247,Julie Taymor,,,
1248,Julien Temple,,,
1249,Julio Bracho,,,
1250,Julio D. Wallovits,,,
1251,Julio Hernández Cordón,,,
1252,Julio Medem,,,
1253,Julio Wallovits,,,
1254,Julián Hernández,,,
1255,Jun Ichikawa,,,
1256,Jung-won Shin,,,
1257,Justin Edgar,,,
1258,Justin Kerrigan,,,
1259,Justin Kurzel,,,
1260,Justine Shapiro,,,
1261,Jérôme Bonnell,,,
1262,Jørgen Leth,,,
1263,Kahil Joreige,,,
1264,Kahlid Alzraou,,,
1265,Kais al-Zobaidi,,,
1266,Kaizo Hayashi,,,
1267,Kamal Tabrizi,,,
1268,Kamla Abu Zekry,,,
1269,Kanchi Wichmann,,,
1270,Kaneto Shindo,,,
1271,Kang Je-gyu,,,
1272,Kang Je-kyu,,,
1273,Kareem J Mortimer,,,
1274,Karel Reisz,,,
1275,Karel Zeman,,,
1276,Karen Mirza,,,
1277,Karent Guthrie,,,
1278,Karim Ainouz,,,
1279,Karl Markovics,,,
1280,Karra Elejalde,,,
1281,Karyn Kusama,,,
1282,Kasi Lemmons,,,
1283,Kasia Klimkiewicz,,,
1284,Kasim Abid,,,
1285,Katarina Peters w,,,
1286,Kate Davis,,,
1287,Katell Quillévéré,,,
1288,Kathryn Bigelow,,,
1289,Katia Lund,,,
1290,Katsuhiro Otomo,,,
1291,Katsuhiro Otono,,,
1292,Kazuhisa Takenouchi,,,
1293,Keith Behrman,,,
1294,Keith Fulton,,,
1295,Keith Gordon,,,
1296,Kelly Reichardt,,,
1297,Ken Fero,,,
1298,Ken Loach,,,
1299,Ken McMullen,,,
1300,Ken Russell,,,
1301,Kenji Misumi,,,
1302,Kenji Mizoguchi,,,
1303,Kenneth Anger,,,
1304,Kenneth Branagh,,,
1305,Kenneth Glenaan,,,
1306,Kenneth Lonergan,,,
1307,Kenny Glenaan,,,
1308,Ketan Mehta,,,
1309,Kevin Macdonald,,,
1310,Kevin McKiernan,,,
1311,Kevin Smith,,,
1312,Khaled El Hagar,,,
1313,Khalil Joreige,,,
1314,Khyentse Norbu,,,
1315,Kief Davidson,,,
1316,Kihachi Okamoto,,,
1317,Kihachiro Kawamoto,,,
1318,Kim Ki-duk,,,
1319,Kim Kiduk,,,
1320,Kim Longinotto,,,
1321,Kim Mordaunt,,,
1322,Kim Nguyen,,,
1323,Kim Rossi Stuart,,,
1324,Kimberly Peirce,,,
1325,Kinji Fukusaku,,,
1326,Kirby Dick,,,
1327,Kirsi Marie Liimatainen,,,
1328,Kiyoshi Kurosawa,,,
1329,Knut Erik Jenson,,,
1330,Ko Nakahira,,,
1331,Koji Wakamatsu,,,
1332,Koldo Serra,,,
1333,Kon Ichikawa,,,
1334,Kong Khong Chang,,,
1335,Konrad Wolf,,,
1336,Kore-eda Hirokazu,,,
1337,Kris Walker,,,
1338,Kristin Levring,,,
1339,Krisztina Goda,,,
1340,Kryzystof Kieslowski,,,
1341,Krzystof Krauze,,,
1342,Krzysztof Kieslowski,,,
1343,Krzysztof Zanussi,,,
1344,Kutlug Ataman,,,
1345,Kwak Jaeyoung,,,
1346,Laetitia Colombani,,,
1347,Lais Bodansky,,,
1348,Lajos Koltai,,,
1349,Lam Ho-yin Benjamin,,,
1350,Lance Bangs,,,
1351,Lance Daly,,,
1352,Lance Hammer,,,
1353,Lane Janger,,,
1354,Larry Charles,,,
1355,Larry Clark,,,
1356,Larry Wachowski,,,
1357,Lars von Trier,,,
1358,Lasse Halström,,,
1359,Laura Amelia Guzmán,,,
1360,Laura Mañá,,,
1361,Laure Prouvost,,,
1362,Laurence Olivier,,,
1363,Laurent Bécaue-Renard,,,
1364,Laurent Cantet,,,
1365,Laurent Tirard,,,
1366,Laurie Collyer,,,
1367,Laurie Lynd,,,
1368,Lawrence Gordon Clarke,,,
1369,Lawrence Kasdan,,,
1370,Leah Thorn,,,
1371,Lech Kowalski,,,
1372,Lee Chang-dong,,,
1373,Lee Daniels,,,
1374,Lee Deaville,,,
1375,Lee Hirsch,,,
1376,Lee Jeong-Hyang,,,
1377,Lee Jeong-Kuk,,,
1378,Lee Myung-se,,,
1379,Lee Sang-il,,,
1380,Lee Yoon-taek,,,
1381,Leila Conners Petersen,,,
1382,Leila Sansour,,,
1383,Leni Reifenstahl,,,
1384,Lenny Abrahamson,,,
1385,Leo Bridle,,,
1386,Leo McCarey,,,
1387,Leon Gast,,,
1388,Leonard Abrahamson,,,
1389,Leos Carax,,,
1390,Leslie Megahey,,,
1391,Leste Chen,,,
1392,Leung Gong-styn,,,
1393,Lewis Gilbert,,,
1394,Li Han Hsiang,,,
1395,Li Yang,,,
1396,Lian Lunson,,,
1397,Liev Schreiber,,,
1398,Lieven Debrauwer,,,
1399,Liliana Paolinelli,,,
1400,Lina Wertmuller,,,
1401,Lindsay Anderson,,,
1402,Lionel Jeffries,,,
1403,Lisa Aschan,,,
1404,Lisa Barros D’Sa,,,
1405,Lisa Cholodenko,,,
1406,Lisa Gornick,,,
1407,Lisa Munthe,,,
1408,Liv Ullman,,,
1409,Liz Garbus,,,
1410,Liz Gill,,,
1411,Lodge Kerrigan,,,
1412,Lola Doillon,,,
1413,Lone Scherfig,,,
1414,Lotte Reinige,,,
1415,Lou Ye,,,
1416,Louis Malle,,,
1417,Louis Pepe,,,
1418,Louisa Wei,,,
1419,Louise Alston,,,
1420,Louise Osmond,,,
1421,Lu Chuan,,,
1422,Luc Besson,,,
1423,Luc Dardenne,,,
1424,Luc Jacquet,,,
1425,Luca Guadagnino,,,
1426,Luca Vendruscolo,,,
1427,Lucas Belvaux,,,
1428,Luchino Visconti,,,
1429,Lucien Castaing-Taylor,,,
1430,Lucrecia Martel,,,
1431,Lucy Walker,,,
1432,Lucía Gajá,,,
1433,Lucía Puenzo,,,
1434,Luigi Falorni,,,
1435,Luis Arambilet,,,
1436,Luis Buñuel,,,
1437,Luis Fernando Carvalho,,,
1438,Luis García Berlanga,,,
1439,Luis Mandoki,,,
1440,Luis Ospina,,,
1441,Luis Puenzo,,,
1442,Lukas Moodysson,,,
1443,Luke Fowler,,,
1444,Lydia Zimmerman,,,
1445,Lynn Hershman Leeson,,,
1446,Lynn Shelton,,,
1447,Lynne Ramsay,,,
1448,Ma,,,
1449,Mabel Cheung,,,
1450,Mabrouk El Mechri,,,
1451,Macelo Piñeyro,,,
1452,Magnus Martens,,,
1453,Mahamat-Saleh Haroun,,,
1454,Mahamet-Saleh Haroun,,,
1455,Mahmat-Saleh Haroun,,,
1456,Mai MAsri,,,
1457,Mak Hoi-shan Anson,,,
1458,Malik Bendjelloul,,,
1459,Manel Mayol,,,
1460,Mani Ratnam,,,
1461,Manuel Gutiérrez Aragón,,,
1462,Manuel Gómez Pereira,,,
1463,Manuel H. Martín,,,
1464,Manuel Huerga,,,
1465,Manuel Matji,,,
1466,Manuel Palacios,,,
1467,Marc Caro,,,
1468,Marc Evans,,,
1469,Marc Forster,,,
1470,Marc Foster,,,
1471,Marc Francis,,,
1472,Marc Hoeferlin,,,
1473,Marc Levin,,,
1474,Marc Recha,,,
1475,Marc Rothemund,,,
1476,Marc Singer,,,
1477,Marcel Camus,,,
1478,Marcel Carné,,,
1479,Marcel Ophuls,,,
1480,Marcel Rasquin,,,
1481,Marcela Arteaga,,,
1482,Marcelo Luna,,,
1483,Marcelo Mangone,,,
1484,Marco Bellocchio,,,
1485,Marco Berger,,,
1486,Marco Brambilla,,,
1487,Marco Carmel,,,
1488,Marco Kreuzpaintner,,,
1489,Marco Tullio Giordana,,,
1490,Marcos Carnevale,,,
1491,Margarethe von Trotta,,,
1492,Margaretta Von Trotta,,,
1493,Maria Abramovic,,,
1494,Maria Beatty,,,
1495,Maria Joao Ganga,,,
1496,Maria Maggenti,,,
1497,Maria Ripoli,,,
1498,Maria Sole Tognazzi,,,
1499,Mariana Arruti,,,
1500,Mariana Chenillo,,,
1501,Mariana Rondón,,,
1502,Marianne Elliott,,,
1503,Mariano Barroso,,,
1504,Marie Noëlle,,,
1505,Marie Pérrennou,,,
1506,Mariela Artiles,,,
1507,Marilyn Angrelo,,,
1508,Mario Bava,,,
1509,Mario Camus,,,
1510,Mario Van Peebles,,,
1511,Marion Wong,,,
1512,Marius Holst,,,
1513,Marjane Satrapi,,,
1514,Mark Achbar,,,
1515,Mark Baron,,,
1516,Mark Brian Smith,,,
1517,Mark Cousins,,,
1518,Mark Daniels,,,
1519,Mark Dornford-May,,,
1520,Mark Illsley,,,
1521,Mark Jonathan Harris Prod Deborah Oppenheimer,,,
1522,Mark Moskowitz,,,
1523,Mark Mylod,,,
1524,Mark Romanek,,,
1525,Mark Wexler,,,
1526,Markus Schleinzer,,,
1527,Marleen Gorris,,,
1528,Marta Ribas,,,
1529,Martha Fiennes,,,
1530,Martin B. Gulnov,,,
1531,Martin Campbell,,,
1532,Martin Goldman,,,
1533,Martin McDonagh,,,
1534,Martin Provost,,,
1535,Martin Rath,,,
1536,Martin Rosen,,,
1537,Martin Scorsese,,,
1538,Martina Docker,,,
1539,Martina Kudlacek,,,
1540,Martín Carranza,,,
1541,Martín Hodara,,,
1542,Martín Salinas,,,
1543,Marvin Hier,,,
1544,Marwan Hamed,,,
1545,Mary Harron,,,
1546,Maryam Keshavarz,,,
1547,Maryse Sistach,,,
1548,Marzieh Meshkini,,,
1549,María Luisa Bemberg,,,
1550,María Novaro,,,
1551,María Sólrún Siguroardottir,,,
1552,María Victoria Menis,,,
1553,Masha Zur,,,
1554,Mat Whitecross,,,
1555,Mateo Gil,,,
1556,Mathieu Kassovitz,,,
1557,Matt Aselton,,,
1558,Matt Harlock,,,
1559,Matt Hulse,,,
1560,Matt Mocharchy,,,
1561,Matt Norman,,,
1562,Matteo Garrone,,,
1563,Matthew Akers,,,
1564,Matthew Barney,,,
1565,Matthew Beech,,,
1566,Matthew Saville,,,
1567,Matthias Hoegg,,,
1568,Matías Bize,,,
1569,Maurice Elvey,,,
1570,Maurizio Nichetti,,,
1571,Mauro Bolognini,,,
1572,Max Färberböck,,,
1573,Max Ophüls,,,
1574,Maxim Pozdorovkin,,,
1575,Maximilian Schell,,,
1576,Maya Deren,,,
1577,Maïwenn,,,
1578,Megan Siler,,,
1579,Mehboob Khan,,,
1580,Mehdi Charef,,,
1581,Mehreen Jabbar,,,
1582,Mel Stuart,,,
1583,Melvin Van Peebles,,,
1584,Mercedes Moncada Rodríguez,,,
1585,Mercedes álvarez,,,
1586,Merian C. Cooper,,,
1587,Merzak Allouache,,,
1588,Metin Huseyin,,,
1589,Mia Hansen-Løve,,,
1590,Michael Almereyda,,,
1591,Michael Anderson,,,
1592,Michael Apted,,,
1593,Michael Caton-Jones,,,
1594,Michael Cimino,,,
1595,Michael Curtiz,,,
1596,Michael Elliott,,,
1597,Michael Gramaglia,,,
1598,Michael Grandage,,,
1599,Michael H. Shamberg,,,
1600,Michael Haneke,,,
1601,Michael Hoffman,,,
1602,Michael Kantor,,,
1603,Michael Lehmann,,,
1604,Michael Lindsay-Hogg,,,
1605,Michael Mann,,,
1606,Michael Miller,,,
1607,Michael Moore,,,
1608,Michael Patrick Yann,,,
1609,Michael Polish,,,
1610,Michael Powell,,,
1611,Michael Reeves,,,
1612,Michael Tolkin,,,
1613,Michael Tuchner,,,
1614,Michael Verhoeven,,,
1615,Michael Whyte,,,
1616,Michael Winterbottom,,,
1617,Michel Franco,,,
1618,Michel Gondry,,,
1619,Michel Hazanavicius,,,
1620,Michel Kammoun,,,
1621,Michel Khleifi,,,
1622,Michel Klier,,,
1623,Michel Ocelot,,,
1624,Michel Spinosa,,,
1625,Michelangelo Antonioni,,,
1626,Michelangelo Frammartino,,,
1627,Michele Placido,,,
1628,Mick Jackson,,,
1629,Midi Z,,,
1630,Miguel Albaladejo,,,
1631,Miguel Artera,,,
1632,Miguel Bardem,,,
1633,Miguel Courtois,,,
1634,Miguel Gomes,,,
1635,Miike Takashi,,,
1636,Mika Ronkainen,,,
1637,Mika Taanila,,,
1638,Mikael Håfström,,,
1639,Mike Barker,,,
1640,Mike Beckham,,,
1641,Mike Caplan,,,
1642,Mike Dibb,,,
1643,Mike Figgis,,,
1644,Mike Hodges,,,
1645,Mike Johnson,,,
1646,Mike Kerry,,,
1647,Mike Leigh,,,
1648,Mike Lerner,,,
1649,Mike Majoros,,,
1650,Mike Mills,,,
1651,Mike Nichols,,,
1652,Mike Todd,,,
1653,Mikhail Kalatozov,,,
1654,Mikio Naruse,,,
1655,Milos Forman,,,
1656,Milos Loncarevic,,,
1657,Mimmo Calopresti,,,
1658,Mimo Calopresti,,,
1659,Mira Erdevicki-Charap,,,
1660,Mira Nair,,,
1661,Miranda July,,,
1662,Mirta Ibarra,,,
1663,Mitchell and Kenyon,,,
1664,Mohamad Asli,,,
1665,Mohamed Al-Daradji,,,
1666,Mohamed Hamidi,,,
1667,Mohammad-Ali Talebi,,,
1668,Mohsen Makhmalbaf,,,
1669,Mojtaba Mirtahmasb,,,
1670,Molly Reynolds,,,
1671,Monica Stambrini,,,
1672,Montxo Armendáriz,,,
1673,Morgan Neville,,,
1674,Morgan Spurlock,,,
1675,Mori Masaki,,,
1676,Morita Hiroyuki,,,
1677,Morris Engel,,,
1678,Morten Tyldum,,,
1679,Moufida Tlati,,,
1680,Moussa Tourré,,,
1681,Murali K. Thalluri,,,
1682,Muriel d’Ansembourg,,,
1683,Mónica Laguna,,,
1684,Nabil Ayouch,,,
1685,Nacho Vigalondo,,,
1686,Nadia Conners,,,
1687,Nadine Labaki,,,
1688,Nagisa Oshima,,,
1689,Nalini Malani,,,
1690,Nana Ekvtimishvili,,,
1691,Nando Olival,,,
1692,Nanette Burstein,,,
1693,Nanni Moretti,,,
1694,Nanni Morretti,,,
1695,Narcisco Ibánez Serrador,,,
1696,Natalia Almada,,,
1697,Natalie Portman,,,
1698,Nathan Rae,,,
1699,Nathanial Hörnblowér,,,
1700,Nathaniel Kahn,,,
1701,Neil Armfield,,,
1702,Neil Hunter,,,
1703,Neil Jordan,,,
1704,Neil LaBute,,,
1705,Nejib Belkadhi,,,
1706,Neus Ballús,,,
1707,New Order,,,
1708,Newton Aduaka,,,
1709,Nichola Bruce,,,
1710,Nicholas Hansen,,,
1711,Nicholas Hytner,,,
1712,Nicholas Ray,,,
1713,Nicholas Winding Refn,,,
1714,Nick Broomfield,,,
1715,Nick Doob,,,
1716,Nick Francis,,,
1717,Nick Jordan,,,
1718,Nick Park,,,
1719,Nick Whit,,,
1720,Nicolas Entel,,,
1721,Nicolas Klotz,,,
1722,Nicolas Philibert,,,
1723,Nicolas Roeg,,,
1724,Nicolas Winding Refn,,,
1725,Nicole Holofcener,,,
1726,Nicole Volaka,,,
1727,Nida Sinnokrot,,,
1728,Nidhi Tuli,,,
1729,Niels Arden Oplev,,,
1730,Niels Mueller,,,
1731,Nigel Cole,,,
1732,Niki Caro,,,
1733,Niklaus Schilling,,,
1734,Nikola Leûai,,,
1735,Nikolaj Arcel,,,
1736,Nimród Antal,,,
1737,Nina Pope,,,
1738,Nino Jacusso,,,
1739,Nir Bergman,,,
1740,Nisha Pahuja,,,
1741,Noah Baumbach,,,
1742,Noam Shalev,,,
1743,Nobuhiro Suwa,,,
1744,Noburo Tanaka,,,
1745,Nora Meyer,,,
1746,Norifumi Suzuki,,,
1747,Norman Jewison,,,
1748,Nuri Bilge Ceylan,,,
1749,Nurit Kedar,,,
1750,Nurit Kedar and Eran Rikis,,,
1751,Ole Christian Madsen,,,
1752,Oliver Hirschbiegel,,,
1753,Oliver Parker,,,
1754,Oliver Schmitz,,,
1755,Oliver Stone,,,
1756,Olivier Assayas,,,
1757,Olivier Babinet,,,
1758,Olivier Dahan,,,
1759,Olivier Ducastel,,,
1760,Olivier Marchal,,,
1761,Olivier Meyrou,,,
1762,Olivier Nakache,,,
1763,Olivier Ringer,,,
1764,Ondi Timoner,,,
1765,Onedotzero,,,
1766,Oren Moverman,,,
1767,Ori Ravid,,,
1768,Orson Welles,,,
1769,Oskar Roehler,,,
1770,Ossie Davis,,,
1771,Otar Iosseliani,,,
1772,Otto Preminger,,,
1773,Ousmane Sembene,,,
1774,Oxide Pang,,,
1775,Pablo Berger,,,
1776,Pablo Carbonell,,,
1777,Pablo Fendrik,,,
1778,Pablo Giorgelli,,,
1779,Pablo Larrain,,,
1780,Pablo Malo,,,
1781,Pablo Stoll,,,
1782,Pablo Trapero,,,
1783,Paco Cabezas,,,
1784,Paco Plaza,,,
1785,Paco R. Baños,,,
1786,Paddy Considine,,,
1787,Pamela Meyer-Arndt,,,
1788,Paolo Sorrentino,,,
1789,Paolo Taviani,,,
1790,Paolo Virzì,,,
1791,Park Chan-Wook,,,
1792,Park Chulsoo,,,
1793,Park Kyung-hee,,,
1794,Pascal Bonitzer,,,
1795,Pascal-Alex Vincent,,,
1796,Pascale Ferran,,,
1797,Pasolini,,,
1798,Pat Collins,,,
1799,Pat Jackson,,,
1800,Pat Murphy,,,
1801,Pat O'Neill,,,
1802,Pat O’Neill,,,
1803,Patrice Chéreau,,,
1804,Patrice Leconte,,,
1805,Patricia Cardosa,,,
1806,Patricia Ferreira,,,
1807,Patricia Riggen,,,
1808,Patricia Rozema,,,
1809,Patricio Guzmán,,,
1810,Patricio Henriquez,,,
1811,Patrick Daly,,,
1812,Patrick Grandperret,,,
1813,Patrick Keiller,,,
1814,Patrick Stettner,,,
1815,Patxo Tellería,,,
1816,Paul Andrew Williams,,,
1817,Paul Baron,,,
1818,Paul Bartel,,,
1819,Paul Devlin,,,
1820,Paul Fierlinger,,,
1821,Paul Greengrass,,,
1822,Paul Humfress,,,
1823,Paul Justman,,,
1824,Paul Leduc,,,
1825,Paul Nagel,,,
1826,Paul Rotha,,,
1827,Paul Schrader,,,
1828,Paul Smaczny,,,
1829,Paul Thomas,,,
1830,Paul Thomas Anderson,,,
1831,Paul Tickell,,,
1832,Paul Verhoeven,,,
1833,Paul Wagner,,,
1834,Paul Wegener,,,
1835,Paul Wright,,,
1836,Paula Markovitch,,,
1837,Paulo Caldas,,,
1838,Paulo Sorrentino,,,
1839,Pawel Pawlikowski,,,
1840,Paz Encina,,,
1841,Pearse Elliott,,,
1842,Pedro Almodóvar,,,
1843,Pedro Flores,,,
1844,Pedro González-Rubio,,,
1845,Pedro Sienna,,,
1846,Pen-ek Ratanaruang,,,
1847,Per Fly,,,
1848,Pere Joan Ventura,,,
1849,Perry Henzell,,,
1850,Perry Ogden,,,
1851,Peter Bogdanovich,,,
1852,Peter Carstairs,,,
1853,Peter Davis,,,
1854,Peter Djigirr,,,
1855,Peter Greenaway,,,
1856,Peter Ho-Sun Chan,,,
1857,Peter Jackson,,,
1858,Peter Lennon,,,
1859,Peter Lichtefeld,,,
1860,Peter Lord,,,
1861,Peter Mettler,,,
1862,Peter Mullan,,,
1863,Peter Sasdy,,,
1864,Peter Sehr,,,
1865,Peter Sollett,,,
1866,Peter Strickland,,,
1867,Peter Ustinov,,,
1868,Peter Walker,,,
1869,Peter Watkins,,,
1870,Peter Webber,,,
1871,Peter Weir,,,
1872,Peter Welz,,,
1873,Peter Whitehead,,,
1874,Peter Wollen,,,
1875,Peter Yates,,,
1876,Petr Vaclav,,,
1877,Petr Zelenka,,,
1878,Petter Næss,,,
1879,Phie Ambo-Nielsen,,,
1880,Phil Grabsky,,,
1881,Phil Hawkins,,,
1882,Phil Meachem,,,
1883,Phil Morrison,,,
1884,Philip Bacon,,,
1885,Philip Gröning,,,
1886,Philip Jones,,,
1887,Philip Kaufman,,,
1888,Philip Noyce,,,
1889,Philip Seymour Hoffman,,,
1890,Philippe Aractingi,,,
1891,Philippe Claudel,,,
1892,Philippe Falardeau,,,
1893,Philippe Garrel,,,
1894,Philippe Le Guay,,,
1895,Philippe Lioret,,,
1896,Philippe Parreno,,,
1897,Phyllidia Lloyd,,,
1898,Pier Paolo Pasolini,,,
1899,Piergiorgio Gay,,,
1900,Pierre Morel,,,
1901,Pierre Salvadori,,,
1902,Pipilotti Rist,,,
1903,Pirjo Honkasalo,,,
1904,Poon Yick-sum,,,
1905,Prakash Mehra,,,
1906,Pramod Pati,,,
1907,Preston Sturges,,,
1908,Pushpamala N,,,
1909,Péter Forgács,,,
1910,Quentin Tarantino,,,
1911,R.J. Cutler,,,
1912,Rachel Grady,,,
1913,Rachid Bouchareb,,,
1914,Radu Mihaileanu,,,
1915,Radu Muntean,,,
1916,Rahim Zabihi,,,
1917,Rainer Werner Fassbinder,,,
1918,Raj Kumar Santoshi,,,
1919,Ralph Bakshi,,,
1920,Ralph Fiennes,,,
1921,Ralph Thomas,,,
1922,Ram Gopal Varma,,,
1923,Rama Burshtein,,,
1924,Ramesh Sippy,,,
1925,Ramin Bahrani,,,
1926,Ramón Costafreda,,,
1927,Ramón Salazar,,,
1928,Randall Balsmeyer,,,
1929,Randy Barbato,,,
1930,Rania Attieh,,,
1931,Rania Stephan,,,
1932,Raoul Ruiz,,,
1933,Rasmus Dinesen,,,
1934,Rasselas Lakew,,,
1935,Raul Ruiz,,,
1936,Ray Ashley,,,
1937,Ray Lawrence,,,
1938,Ray McCormack,,,
1939,Raymond Depardon,,,
1940,Raúl Rui,,,
1941,Ra’anan Alexandrowicz,,,
1942,Rebecca Miller,,,
1943,Rebecca Thomas,,,
1944,Reinhard Hauff,,,
1945,Renaud Barret,,,
1946,René Clement,,,
1947,Revin Asaf,,,
1948,Reza Persa,,,
1949,Rhiannon Evans,,,
1950,Rian Johnson,,,
1951,Ricardo Benet,,,
1952,Ricardo Darín,,,
1953,Ricardo Franco,,,
1954,Richard Ayoade,,,
1955,Richard Benjamin,,,
1956,Richard Berry,,,
1957,Richard Brooks,,,
1958,Richard Donner,,,
1959,Richard E. Grant,,,
1960,Richard Eyre,,,
1961,Richard Fleischer,,,
1962,Richard Fleisher,,,
1963,Richard Glatzer,,,
1964,Richard Hawkins,,,
1965,Richard Kelly,,,
1966,Richard Kwietniowski,,,
1967,Richard Ladkani,,,
1968,Richard Lagravenese,,,
1969,Richard Laxton,,,
1970,Richard Lester,,,
1971,Richard Linklater,,,
1972,Richard Lowenstein,,,
1973,Richard Pearce,,,
1974,Richard Press,,,
1975,Richard Prince,,,
1976,Richard Rush,,,
1977,Richard Symons,,,
1978,Richard Trank,,,
1979,Richard Turner,,,
1980,Richard Webb,,,
1981,Ricki Stern,,,
1982,Ricky Tognazzi,,,
1983,Ridley Scott,,,
1984,Ringo Lam,,,
1985,Rintaro,,,
1986,Ritesh Batra,,,
1987,Rithy Panh,,,
1988,Riyad Wadia,,,
1989,Rob Ashford,,,
1990,Rob Lemkin,,,
1991,Rob Reiner,,,
1992,Rob Sitch,,,
1993,Robert Aldrich,,,
1994,Robert Altman,,,
1995,Robert B. Weide,,,
1996,Robert Bresson,,,
1997,Robert Clouse,,,
1998,Robert Day,,,
1999,Robert Dornhelm,,,
2000,Robert Epstein,,,
2001,Robert Frank,,,
2002,Robert Fuest,,,
2003,Robert Greenwald,,,
2004,Robert Guédiguian,,,
2005,Robert Hamer,,,
2006,Robert Kenner,,,
2007,Robert Lepage,,,
2008,Robert Montgomery,,,
2009,Robert Pacitti,,,
2010,Robert Pulcini,,,
2011,Robert Rodriguez,,,
2012,Robert Siodmak,,,
2013,Robert Weine,,,
2014,Robert Wise,,,
2015,Robert Zemeckis,,,
2016,Roberta Grossman,,,
2017,Roberto Flores Prieto,,,
2018,Roberto Gavaldón,,,
2019,Roberto Rossellini,,,
2020,Roberto Sneider,,,
2021,Robin Hardy,,,
2022,Rodney Ascher,,,
2023,Rodrigo Bellott,,,
2024,Rodrigo García,,,
2025,Rodrigo Plá,,,
2026,Rodrigo Triana,,,
2027,Roger Bamford,,,
2028,Roger Corman,,,
2029,Roger Gual,,,
2030,Roger Michell,,,
2031,Rogier Kappers,,,
2032,Roland Renner,,,
2033,Rolando Colla,,,
2034,Rolf de Heer,,,
2035,Roman Polanski,,,
2036,Ron Fricke,,,
2037,Ron Howard,,,
2038,Ron Mann,,,
2039,Ronit Avni,,,
2040,Ronny Yu,,,
2041,Rosa Barba,,,
2042,Rosa Vergés,,,
2043,Rosario Garcia-Montero,,,
2044,Rose Bosch,,,
2045,Rose Troche,,,
2046,Rosie Pedlow,,,
2047,Ross Devinish,,,
2048,Rouben Mamoulian,,,
2049,Rowan Woods,,,
2050,Roy Andersson,,,
2051,Roy Ward Baker,,,
2052,Royston Tan,,,
2053,Ruben östlund,,,
2054,Rudy Wurlitzer,,,
2055,Rufus Norris,,,
2056,Rupert Jones,,,
2057,Ruppert Murray,,,
2058,Russ Meyer,,,
2059,Ruth Lingford,,,
2060,Ruth Orkin,,,
2061,Ruxandra Medrea,,,
2062,Ryan Coogler,,,
2063,Ryan Fleck,,,
2064,Ryan Vernava,,,
2065,Régis Roinsard,,,
2066,Régis Wargnier,,,
2067,S.N.S Sastry,,,
2068,SABU,,,
2069,Sabiha Sumar,,,
2070,Sabina Guzzanti,,,
2071,Sabine Bernardi,,,
2072,Sacha Gervasi,,,
2073,Safy Nebbou,,,
2074,Sagar Mitchell,,,
2075,Sahar Salahshoori Sahari,,,
2076,Sakamoto Junji,,,
2077,Sally Potter,,,
2078,Sam Dunn,,,
2079,Sam Fuller,,,
2080,Sam Mendes,,,
2081,Sam Peckinpah,,,
2082,Sam Raimi,,,
2083,Sam Spreckley,,,
2084,Sam Taylor Wood,,,
2085,Sami Khan,,,
2086,Sami Saif,,,
2087,Samira Makhmalbaf,,,
2088,Samuel Bench,,,
2089,Samuel Fuller,,,
2090,Samuel Maoz,,,
2091,Samuel Poore,,,
2092,Sandhya Suri,,,
2093,Sandi Simcha DuBowski,,,
2094,Sandra Fierlinger,,,
2095,Sandra Gugliotta,,,
2096,Sandra Nettelbeck,,,
2097,Sandra Sciberras,,,
2098,Sandrine Veysset,,,
2099,Santi Amodeo,,,
2100,Santi Amodeo Alberto Rodríguez,,,
2101,Santiago Otheguy,,,
2102,Santosh Sivan,,,
2103,Sarah Gavron,,,
2104,Sarah Miles,,,
2105,Sarah Polley,,,
2106,Sarah Price,,,
2107,Sarah Turner,,,
2108,Sarah Watts,,,
2109,Satibaldy Narimbetov,,,
2110,Satoshi Kon,,,
2111,Satyajit Ray,,,
2112,Saul Dibb,,,
2113,Saverio Costanzo,,,
2114,Saïd Smihi,,,
2115,Scandar Copti,,,
2116,Scott McFayden,,,
2117,Scott McGehee,,,
2118,Scott McGhee,,,
2119,Sean Durkin,,,
2120,Sean Ellis,,,
2121,Sean Penn,,,
2122,Sebastian Junger,,,
2123,Sebastian del Amo,,,
2124,Sebastián Cordero,,,
2125,Sebastián Dietsch,,,
2126,Sebastián Lelio,,,
2127,Sebastián Silva,,,
2128,Seijun Suzuki,,,
2129,Semih Kaplanoglu,,,
2130,Serge Bromberg,,,
2131,Serge Le Péron,,,
2132,Sergei Bodrov,,,
2133,Sergei Eisenstein,,,
2134,Sergei Loznitsa,,,
2135,Sergio Leone,,,
2136,Sergio Machado,,,
2137,Sergio Rubini,,,
2138,Sergio Tovar Velarde,,,
2139,Serik Aprymov,,,
2140,Shahriar Siami,,,
2141,Shane Black,,,
2142,Shane Carruth,,,
2143,Shane Meadows,,,
2144,Sharam Alidi,,,
2145,Shari Springer Berman,,,
2146,Shawkat Amin Korki,,,
2147,Shekhar Kapur,,,
2148,Shezad Dawood,,,
2149,Shimmy Marcus,,,
2150,Shinichiro Watanabe,,,
2151,Shinji Aoyama,,,
2152,Shinji Sômai,,,
2153,Shiri Tsur,,,
2154,Shirley Clarke,,,
2155,Shohei Imamura,,,
2156,Shunji Iwai,,,
2157,Siddiq Barmak,,,
2158,Sidney Hayers,,,
2159,Sidney J. Furie,,,
2160,Sidney Lumet,,,
2161,Sidra Smith,,,
2162,Sigfrid Monleón,,,
2163,Sigfried Monleon,,,
2164,Silvana Mangano,,,
2165,Silvio Narizzano,,,
2166,Silvio Soldini,,,
2167,Simeon Vinokur,,,
2168,Simon Brand,,,
2169,Simon Bright,,,
2170,Simon Cellan Jones,,,
2171,Simon Curtis,,,
2172,Simon Godwin,,,
2173,Simon Gross,,,
2174,Simon Miller,,,
2175,Simon Pummell,,,
2176,Sini Anderson,,,
2177,Sofia Coppola,,,
2178,Sofia de Fay,,,
2179,Somnath Sen,,,
2180,Song Fang,,,
2181,Song Hae-sung,,,
2182,Sookoon Ang,,,
2183,Sophie Fiennes,,,
2184,Spike Jonze,,,
2185,Spike Lee,,,
2186,Spiro Scimone,,,
2187,Stacie Passon,,,
2188,Stacy Peralta,,,
2189,Stanley Donen,,,
2190,Stanley Kubrick,,,
2191,Stanley Kwan,,,
2192,Stefan Krohmer,,,
2193,Stefan Ruzowitzky,,,
2194,Stephan Schaefer,,,
2195,Stephane Giusti,,,
2196,Stephanie Black,,,
2197,Stephanie Brockhaus,,,
2198,Stephen Chow,,,
2199,Stephen Daldry,,,
2200,Stephen Frears,,,
2201,Stephen Kijak,,,
2202,Stevan Riley,,,
2203,Steve Barker,,,
2204,Steve Box,,,
2205,Steve Jacobs,,,
2206,Steve James,,,
2207,Steve McQueen,,,
2208,Steve Sanguedolce,,,
2209,Steven Claydon,,,
2210,Steven Sebring,,,
2211,Steven Shainberg,,,
2212,Steven Silver,,,
2213,Steven Soderbergh,,,
2214,Steven Spielberg,,,
2215,Sturla Gunnarsson,,,
2216,Stéphane Aubier,,,
2217,Sue Bourne,,,
2218,Sue Brooks,,,
2219,Sujoy Ghosh,,,
2220,Suo Masayuki,,,
2221,Supriyo Sen,,,
2222,Suroosh Alvi,,,
2223,Susan Bier,,,
2224,Susan Seidelman,,,
2225,Susanne Bier,,,
2226,Susanne Rostock,,,
2227,Susie Au,,,
2228,Sylvain Chomet,,,
2229,Sébastien Lifshitz,,,
2230,Sönke Wortmann,,,
2231,Tahani Rached,,,
2232,Taika Waititi,,,
2233,Takashi Mike,,,
2234,Takashi Shimizu,,,
2235,Takenaka Naoto,,,
2236,Takeshi Kitano,,,
2237,Takeshi Miike,,,
2238,Tamar Yarom,,,
2239,Tamara Jenkins,,,
2240,Tammy Cheung,,,
2241,Tan Pin Pin,,,
2242,Tania Nehme,,,
2243,Tareque,,,
2244,Tareque Masud,,,
2245,Tariq Mehmood,,,
2246,Tariq Teguia,,,
2247,Tarsem Singh,,,
2248,Tata Amaral,,,
2249,Tatsumi Kumashiro,,,
2250,Tawfik Abu Wael,,,
2251,Te-Sheng Wei,,,
2252,Ted White,,,
2253,Teddy Chan,,,
2254,Teinosuke Kinugasa,,,
2255,Tejal Shah,,,
2256,Telmo Esnal,,,
2257,Terence Davies,,,
2258,Terence Fisher,,,
2259,Teresa Pelegri,,,
2260,Terrence Malick,,,
2261,Terry George,,,
2262,Terry Gilliam,,,
2263,Terry Zwigoff,,,
2264,Tery Jones,,,
2265,Tetsuya Nakashima,,,
2266,The Brothers Quay,,,
2267,The Centre of Attention,,,
2268,The Pang Brothers,,,
2269,The Reluctant Fundamentalist,,,
2270,Theo Angelopoulos,,,
2271,Thet Sambath,,,
2272,Thom Andersen,,,
2273,Thomas Arslan,,,
2274,Thomas Clay,,,
2275,Thomas McCarthy,,,
2276,Thomas Vinterberg,,,
2277,Thorold Dickinson,,,
2278,Thupten Tseing,,,
2279,Tian Zhuangzhuang,,,
2280,Tim Brunsden,,,
2281,Tim Burton,,,
2282,Tim Hetherington,,,
2283,Tim Newton,,,
2284,Tim Robbins,,,
2285,Tim Roth,,,
2286,Timo Vuorensola,,,
2287,Timothy Sheader,,,
2288,Tin Dirdamal,,,
2289,Tinge Krishnan,,,
2290,Toa Fraser,,,
2291,Tobe Hooper,,,
2292,Tobias Lindholm,,,
2293,Tod Browning,,,
2294,Todd Field,,,
2295,Todd Haynes,,,
2296,Todd Solondz,,,
2297,Tom Collins,,,
2298,Tom Day,,,
2299,Tom Dicillo,,,
2300,Tom Ford,,,
2301,Tom Harper,,,
2302,Tom Hooper,,,
2303,Tom Hunsinger,,,
2304,Tom Kalin,,,
2305,Tom Peosay,,,
2306,Tom Six,,,
2307,Tom Twyker,,,
2308,Tom Tykwer,,,
2309,Tom Zubrycki,,,
2310,Tomas Alfredson,,,
2311,Tomas Fuller,,,
2312,Tomasz Konecki,,,
2313,Tomasz Wasilewski,,,
2314,Tommy Lee Jones,,,
2315,Tomás Gutiérrez Alea,,,
2316,Tonie Marshall,,,
2317,Tony Ayres,,,
2318,Tony Bui,,,
2319,Tony Gatlif,,,
2320,Tony Montana,,,
2321,Tony Richardson,,,
2322,Tosh Gitonga,,,
2323,Toyoda Toshiaki,,,
2324,Tran Anh Hung,,,
2325,Travis Mathews,,,
2326,Trey Parker,,,
2327,Tristán Bauer,,,
2328,Tristán Ulloa,,,
2329,Tsai Ming-Liang,,,
2330,Tsang Tsui Shan,,,
2331,Tsering Rhitar,,,
2332,Tsui Hark,,,
2333,Tushar Joag,,,
2334,Tyler Perry,,,
2335,Udayan Prasad,,,
2336,Uli Edel,,,
2337,Ulrich Seidl,,,
2338,Umut Dag,,,
2339,Ursula Meier,,,
2340,Vadim Jean,,,
2341,Val Guest,,,
2342,Valay Shende,,,
2343,Valerie Faris,,,
2344,Valeska Grisebach,,,
2345,Valia Santella,,,
2346,Valérie Donzelli,,,
2347,Valérie Massadian,,,
2348,Ventura Pons,,,
2349,Vicente Aranda,,,
2350,Vicente Minnelli,,,
2351,Vicente Molina,,,
2352,Vicky Funari,,,
2353,Victor Erice,,,
2354,Victor Fleming,,,
2355,Victor García,,,
2356,Victor Sjöstrom,,,
2357,Victoria Galardi,,,
2358,Vidu Bilu,,,
2359,Vijay B Chandra,,,
2360,Vijay Singh,,,
2361,Vincent Chui,,,
2362,Vincent Monnikendam,,,
2363,Vincent Morisset,,,
2364,Vincent Paronnaud,,,
2365,Vincent Partar,,,
2366,Vincente Minnelli,,,
2367,Vincenzo Natali,,,
2368,Virginie Despentes,,,
2369,Virginie Wagon,,,
2370,Vit Klusák,,,
2371,Vitorio De Sica,,,
2372,Vittorio De Sica,,,
2373,Vittorio Taviani,,,
2374,Volker Schlöndorff,,,
2375,Véréna Paravel,,,
2376,Víctor Gaviria,,,
2377,Wai Ka Fai,,,
2378,Wai-keung Lau,,,
2379,Walerian Borowczyk,,,
2380,Walter Doehner,,,
2381,Walter Salles,,,
2382,Wang Jianwei,,,
2383,Wang Xiao-Shuai,,,
2384,Wang Xiaoshuai,,,
2385,Warwick Thornton,,,
2386,Wash Westmoreland,,,
2387,Wayne Kramer,,,
2388,Wayne Wang,,,
2389,Wen Jiang,,,
2390,Werner Herzog,,,
2391,Wes Anderson,,,
2392,Wes Craven,,,
2393,Wes Orshoski,,,
2394,Whit Stillman,,,
2395,Will Lovelace,,,
2396,William Friedkin,,,
2397,William Klein,,,
2398,William McGregor,,,
2399,William Thiele,,,
2400,William Wyler,,,
2401,Wim Wenders,,,
2402,Wisit Sasanatieng,,,
2403,Wojciech Has,,,
2404,Wolfgang Becker,,,
2405,Wolfgang Kissel,,,
2406,Wolfgang Petersen,,,
2407,Wolfgang Reitherman,,,
2408,Wolfgang Staudte,,,
2409,Wong Cheuk-hin George,,,
2410,Wong Kar-Wai,,,
2411,Woody Allen,,,
2412,Wu Yonggang,,,
2413,Xavi Puebla,,,
2414,Xavier Beauvois,,,
2415,Xavier Dolan,,,
2416,Xavier Giannoli,,,
2417,Xiaolu Guo,,,
2418,Xie Fei,,,
2419,Xie Jin,,,
2420,Yaguchi Shinobu,,,
2421,Yan Yan Mak,,,
2422,Yang Fengliang,,,
2423,Yang Ik-Joon,,,
2424,Yann Samuell,,,
2425,Yaron Shani,,,
2426,Yaron Zilberman,,,
2427,Yasmine Kabir,,,
2428,Yasujiro Ozu,,,
2429,Yee Chih-yen,,,
2430,Yoji Yamada,,,
2431,Yonathan Zur,,,
2432,Yongyooth Thongkonthun,,,
2433,Yorgos Lanthimos,,,
2434,Yoshifumi Kondo,,,
2435,Yousaf Ali Khan,,,
2436,Youssef Chahine,,,
2437,Yu Lik Wai,,,
2438,Yvan Attal,,,
2439,Yves Montmayeur,,,
2440,Yôjirô Takita,,,
2441,Zabou Breitman,,,
2442,Zach Braff,,,
2443,Zero Chou,,,
2444,Zhang Yang,,,
2445,Zhang Yimou,,,
2446,Zhang Yuan,,,
2447,Zhivko Dimitrov,,,
2448,jessica Hausner,,,
2449,matt Kendall,,,
2450,Àlex Ollé,,,
2451,Àlex Pastor,,,
2452,Óscar Aibar,,,
2453,Óscar Andrade,,,
2454,álvaro Begines,,,
2455,álvaro Brechner,,,
2456,álvaro Curiel,,,
2457,álvaro Fernández Armero,,,
2458,álvaro García-Capelo,,,
2459,özgür Yildirim,,,