tmdb_film_id,iso_639_1,,,
14,en,,,
15,en,,,
16,en,,,
19,de,,,
19,de,,,
20,en,,,
20,ru,,,
24,en,,,
24,fr,,,
24,ja,,,
26,ar,,,
26,de,,,
26,en,,,
26,he,,,
26,it,,,
26,tr,,,
27,en,,,
28,en,,,
28,en,,,
38,en,,,
55,es,,,
62,en,,,
62,ru,,,
64,es,,,
67,ar,,,
67,en,,,
68,en,,,
69,en,,,
69,ru,,,
76,de,,,
76,en,,,
76,fr,,,
77,en,,,
78,cn,,,
78,de,,,
78,en,,,
78,hu,,,
78,ja,,,
78,cn,,,
78,de,,,
78,en,,,
78,hu,,,
78,ja,,,
79,zh,,,
80,en,,,
80,fr,,,
81,ja,,,
86,de,,,
99,es,,,
102,da,,,
103,en,,,
103,es,,,
104,de,,,
104,en,,,
104,ja,,,
105,en,,,
108,fr,,,
108,pl,,,
110,fr,,,
110,hu,,,
112,da,,,
113,ko,,,
115,de,,,
115,en,,,
115,es,,,
115,he,,,
117,en,,,
128,ja,,,
129,ja,,,
134,en,,,
136,de,,,
136,en,,,
136,es,,,
136,fr,,,
136,it,,,
137,en,,,
137,fr,,,
137,it,,,
140,es,,,
141,en,,,
142,en,,,
144,de,,,
144,en,,,
144,fr,,,
145,en,,,
146,zh,,,
147,en,,,
147,fr,,,
149,ja,,,
153,en,,,
153,ja,,,
162,en,,,
164,en,,,
164,pt,,,
170,en,,,
170,es,,,
170,fi,,,
170,fr,,,
170,it,,,
175,en,,,
175,fr,,,
175,it,,,
175,ru,,,
185,en,,,
187,en,,,
191,de,,,
194,fr,,,
194,ru,,,
205,en,,,
205,fr,,,
213,en,,,
216,de,,,
219,es,,,
221,en,,,
223,en,,,
223,fr,,,
226,en,,,
228,de,,,
228,en,,,
234,de,,,
235,en,,,
237,en,,,
238,en,,,
238,it,,,
238,la,,,
239,en,,,
240,en,,,
240,es,,,
240,it,,,
240,la,,,
243,da,,,
243,en,,,
244,en,,,
246,ja,,,
247,en,,,
252,de,,,
252,en,,,
252,fr,,,
257,en,,,
260,en,,,
265,de,,,
266,de,,,
266,en,,,
266,fr,,,
266,it,,,
267,es,,,
269,en,,,
269,fr,,,
275,en,,,
276,de,,,
284,en,,,
289,de,,,
289,en,,,
289,fr,,,
289,it,,,
291,en,,,
291,it,,,
300,en,,,
300,es,,,
300,fr,,,
302,en,,,
302,fr,,,
307,de,,,
307,it,,,
308,en,,,
308,ru,,,
309,da,,,
309,de,,,
309,en,,,
313,en,,,
315,en,,,
327,en,,,
327,es,,,
327,it,,,
327,ja,,,
334,de,,,
334,en,,,
334,fr,,,
335,en,,,
336,en,,,
336,hu,,,
336,it,,,
338,de,,,
340,en,,,
340,ru,,,
340,uk,,,
342,de,,,
342,ru,,,
346,ja,,,
351,de,,,
379,en,,,
379,gd,,,
379,it,,,
379,yi,,,
383,en,,,
383,es,,,
389,en,,,
391,es,,,
391,it,,,
392,en,,,
392,fr,,,
398,en,,,
401,en,,,
404,en,,,
405,it,,,
406,fr,,,
407,de,,,
407,el,,,
407,tr,,,
407,de,,,
407,el,,,
407,tr,,,
421,de,,,
421,en,,,
421,fr,,,
421,is,,,
421,it,,,
421,pt,,,
421,tl,,,
423,de,,,
423,en,,,
423,pl,,,
426,en,,,
427,fr,,,
428,de,,,
429,en,,,
429,it,,,
434,de,,,
445,fr,,,
446,de,,,
446,pl,,,
446,ru,,,
452,da,,,
468,en,,,
470,en,,,
473,en,,,
475,en,,,
476,en,,,
476,fr,,,
480,de,,,
480,en,,,
480,hi,,,
481,es,,,
482,en,,,
482,hu,,,
488,de,,,
488,en,,,
488,sw,,,
489,en,,,
490,sv,,,
492,en,,,
492,fr,,,
492,hu,,,
501,en,,,
504,en,,,
513,en,,,
513,hi,,,
533,en,,,
533,fr,,,
539,en,,,
541,en,,,
541,es,,,
542,es,,,
543,en,,,
546,en,,,
548,ja,,,
548,ja,,,
553,en,,,
554,de,,,
554,fi,,,
554,ru,,,
562,de,,,
562,en,,,
562,it,,,
567,en,,,
570,fr,,,
571,en,,,
575,de,,,
577,en,,,
577,it,,,
578,en,,,
582,de,,,
583,en,,,
590,en,,,
590,it,,,
592,en,,,
598,pt,,,
599,en,,,
603,en,,,
613,de,,,
613,ru,,,
614,la,,,
614,sv,,,
617,en,,,
622,en,,,
622,es,,,
622,fr,,,
622,la,,,
622,pt,,,
624,en,,,
626,fr,,,
627,en,,,
630,en,,,
638,en,,,
641,en,,,
648,fr,,,
649,es,,,
649,fr,,,
649,mn,,,
649,pt,,,
654,en,,,
655,en,,,
658,en,,,
658,es,,,
670,ko,,,
678,en,,,
680,en,,,
680,es,,,
680,fr,,,
690,fr,,,
692,en,,,
694,en,,,
696,en,,,
702,en,,,
703,de,,,
703,en,,,
704,en,,,
705,en,,,
705,fr,,,
711,en,,,
711,es,,,
742,sv,,,
743,de,,,
743,fi,,,
753,en,,,
759,en,,,
759,fr,,,
763,en,,,
764,en,,,
769,en,,,
770,en,,,
771,en,,,
773,en,,,
776,fr,,,
777,de,,,
777,fr,,,
778,fr,,,
779,de,,,
780,fr,,,
781,de,,,
793,en,,,
797,en,,,
797,sv,,,
800,es,,,
804,en,,,
804,it,,,
805,en,,,
807,en,,,
824,en,,,
824,es,,,
824,fr,,,
827,fr,,,
829,cn,,,
829,en,,,
829,es,,,
832,de,,,
832,de,,,
837,en,,,
842,en,,,
843,zh,,,
844,cn,,,
844,ja,,,
844,zh,,,
845,en,,,
845,fr,,,
851,en,,,
854,en,,,
859,en,,,
863,en,,,
866,en,,,
868,af,,,
868,xh,,,
868,zu,,,
870,ja,,,
872,en,,,
875,cn,,,
875,en,,,
883,en,,,
892,fr,,,
895,it,,,
895,ru,,,
895,tt,,,
900,en,,,
902,cn,,,
902,fr,,,
905,de,,,
906,de,,,
909,en,,,
910,en,,,
914,en,,,
914,eo,,,
916,en,,,
917,hi,,,
922,en,,,
922,es,,,
925,en,,,
927,en,,,
927,es,,,
931,en,,,
934,en,,,
934,fr,,,
934,it,,,
935,en,,,
940,en,,,
946,en,,,
961,en,,,
965,en,,,
975,de,,,
975,en,,,
975,la,,,
976,en,,,
977,en,,,
979,fr,,,
981,en,,,
982,en,,,
982,es,,,
985,en,,,
995,en,,,
996,en,,,
1018,en,,,
1018,es,,,
1040,fr,,,
1040,it,,,
1040,la,,,
1050,zh,,,
1052,en,,,
1059,ja,,,
1088,en,,,
1088,mi,,,
1089,en,,,
1091,en,,,
1091,no,,,
1092,de,,,
1092,en,,,
1092,ru,,,
1093,es,,,
1093,fr,,,
1114,mn,,,
1115,de,,,
1115,fr,,,
1116,en,,,
1116,ga,,,
1116,la,,,
1123,af,,,
1123,en,,,
1123,zu,,,
1127,es,,,
1164,ar,,,
1164,en,,,
1164,es,,,
1164,fr,,,
1164,ja,,,
1164,ru,,,
1165,de,,,
1165,en,,,
1165,fr,,,
1251,cs,,,
1251,en,,,
1251,ja,,,
1253,en,,,
1255,ko,,,
1272,en,,,
1278,en,,,
1278,fr,,,
1280,ko,,,
1282,en,,,
1294,de,,,
1359,cn,,,
1359,en,,,
1359,es,,,
1360,en,,,
1360,fr,,,
1360,ru,,,
1363,en,,,
1364,en,,,
1364,es,,,
1365,en,,,
1376,en,,,
1378,en,,,
1379,fi,,,
1379,ru,,,
1382,en,,,
1382,en,,,
1389,en,,,
1391,es,,,
1393,mn,,,
1404,en,,,
1407,fr,,,
1411,en,,,
1414,es,,,
1417,es,,,
1418,es,,,
1420,en,,,
1420,fr,,,
1420,ru,,,
1427,en,,,
1429,en,,,
1430,en,,,
1433,es,,,
1435,en,,,
1443,en,,,
1444,en,,,
1480,en,,,
1480,es,,,
1485,en,,,
1494,zh,,,
1540,en,,,
1540,fr,,,
1540,ht,,,
1546,en,,,
1548,en,,,
1549,fr,,,
1553,fr,,,
1555,fr,,,
1557,de,,,
1561,fr,,,
1563,fr,,,
1578,en,,,
1584,en,,,
1585,en,,,
1588,en,,,
1591,de,,,
1591,en,,,
1591,sw,,,
1600,fr,,,
1600,it,,,
1600,pl,,,
1611,de,,,
1619,en,,,
1622,fr,,,
1626,fr,,,
1628,de,,,
1628,en,,,
1628,fr,,,
1643,en,,,
1643,es,,,
1643,fr,,,
1653,es,,,
1653,qu,,,
1665,en,,,
1667,en,,,
1667,es,,,
1667,fr,,,
1675,en,,,
1675,fr,,,
1716,fr,,,
1720,is,,,
1725,en,,,
1730,en,,,
1730,pl,,,
1770,en,,,
1776,en,,,
1777,ar,,,
1777,de,,,
1777,en,,,
1781,en,,,
1791,de,,,
1791,fr,,,
1802,de,,,
1802,fr,,,
1807,en,,,
1808,en,,,
1812,en,,,
1812,ru,,,
1818,fr,,,
1826,fr,,,
1841,en,,,
1845,en,,,
1845,fr,,,
1847,de,,,
1847,en,,,
1847,fr,,,
1850,en,,,
1878,en,,,
1887,en,,,
1887,fr,,,
1887,la,,,
1896,ca,,,
1896,es,,,
1902,es,,,
1902,es,,,
1907,en,,,
1907,fr,,,
1907,hr,,,
1907,sv,,,
1907,th,,,
1913,es,,,
1919,en,,,
1926,ar,,,
1926,en,,,
1926,es,,,
1926,fa,,,
1926,fr,,,
1926,he,,,
1926,hi,,,
1926,ja,,,
1933,en,,,
1939,en,,,
1946,en,,,
1956,en,,,
1958,fr,,,
1985,de,,,
1985,en,,,
1985,it,,,
1985,sw,,,
1986,fr,,,
1988,en,,,
1988,fr,,,
1988,ur,,,
1989,en,,,
1990,en,,,
1993,en,,,
1993,it,,,
1999,en,,,
2000,en,,,
2003,fr,,,
2009,ro,,,
2011,de,,,
2011,en,,,
2011,fa,,,
2011,fr,,,
2012,en,,,
2012,es,,,
2012,fr,,,
2013,fr,,,
2014,de,,,
2014,tr,,,
2016,ar,,,
2016,fr,,,
2016,hu,,,
2108,en,,,
2111,fr,,,
2111,zh,,,
2117,de,,,
2152,en,,,
2152,es,,,
2204,de,,,
2204,en,,,
2204,nl,,,
2211,de,,,
2239,en,,,
2260,en,,,
2262,de,,,
2262,en,,,
2266,ar,,,
2266,en,,,
2266,es,,,
2266,fr,,,
2266,zh,,,
2287,en,,,
2295,en,,,
2359,en,,,
2413,en,,,
2433,en,,,
2433,fr,,,
2440,en,,,
2440,ko,,,
2441,es,,,
2457,fr,,,
2470,es,,,
2517,ja,,,
2537,en,,,
2537,es,,,
2537,eu,,,
2537,fr,,,
2538,es,,,
2566,fr,,,
2577,en,,,
2588,es,,,
2640,en,,,
2640,it,,,
2667,en,,,
2671,es,,,
2671,ja,,,
2722,es,,,
2748,en,,,
2748,it,,,
2750,en,,,
2757,en,,,
2757,la,,,
2769,de,,,
2769,en,,,
2769,fr,,,
2771,en,,,
2777,ko,,,
2786,fr,,,
2805,th,,,
2817,fr,,,
2841,co,,,
2841,de,,,
2841,fr,,,
2845,es,,,
2891,en,,,
2894,fr,,,
2972,de,,,
2994,it,,,
3019,en,,,
3037,de,,,
3041,es,,,
3053,en,,,
3085,en,,,
3088,en,,,
3097,en,,,
3112,en,,,
3131,en,,,
3131,ga,,,
3131,la,,,
3131,zh,,,
3133,en,,,
3133,es,,,
3134,fr,,,
3173,th,,,
3175,de,,,
3175,en,,,
3175,fr,,,
3176,de,,,
3176,ja,,,
3291,en,,,
3309,en,,,
3309,es,,,
3396,en,,,
3418,en,,,
3472,en,,,
3472,es,,,
3472,fr,,,
3472,hu,,,
3472,so,,,
3509,en,,,
3515,en,,,
3527,en,,,
3542,fr,,,
3549,da,,,
3549,en,,,
3549,hi,,,
3549,sv,,,
3581,en,,,
3635,en,,,
3640,de,,,
3640,it,,,
3681,en,,,
3681,it,,,
3763,ja,,,
3767,de,,,
3767,en,,,
3767,es,,,
3767,fr,,,
3777,ja,,,
3780,ja,,,
3782,ja,,,
3865,es,,,
3875,da,,,
3902,en,,,
3933,en,,,
3933,es,,,
3933,fr,,,
4012,en,,,
4012,he,,,
4012,hu,,,
4024,fr,,,
4043,es,,,
4107,en,,,
4107,ga,,,
4140,bo,,,
4148,en,,,
4154,en,,,
4154,vi,,,
4173,en,,,
4173,it,,,
4203,es,,,
4285,de,,,
4291,ja,,,
4307,es,,,
4327,cn,,,
4327,de,,,
4327,en,,,
4327,fi,,,
4327,ja,,,
4347,en,,,
4347,fr,,,
4398,de,,,
4441,en,,,
4485,fr,,,
4494,es,,,
4495,es,,,
4497,es,,,
4499,es,,,
4507,es,,,
4512,en,,,
4516,fr,,,
4538,bo,,,
4538,de,,,
4538,en,,,
4538,hi,,,
4550,en,,,
4550,ja,,,
4550,ko,,,
4588,zh,,,
4593,es,,,
4593,fr,,,
4595,fr,,,
4657,en,,,
4689,ko,,,
4710,fr,,,
4762,de,,,
4772,en,,,
4786,es,,,
4808,de,,,
4808,en,,,
4808,fr,,,
4808,it,,,
4816,en,,,
4832,en,,,
4912,en,,,
4927,en,,,
4927,ru,,,
4935,ja,,,
4944,en,,,
4946,fr,,,
4960,en,,,
4973,fr,,,
4974,fr,,,
4975,en,,,
4995,en,,,
4998,de,,,
4998,es,,,
5001,en,,,
5038,cs,,,
5038,en,,,
5038,es,,,
5055,pl,,,
5121,en,,,
5155,it,,,
5156,it,,,
5168,fr,,,
5204,es,,,
5204,hu,,,
5204,it,,,
5206,da,,,
5206,pl,,,
5236,en,,,
5257,en,,,
5259,ar,,,
5259,en,,,
5259,he,,,
5279,en,,,
5302,en,,,
5334,en,,,
5335,it,,,
5336,fr,,,
5336,it,,,
5336,pl,,,
5486,en,,,
5486,it,,,
5528,fr,,,
5544,en,,,
5544,fr,,,
5544,ja,,,
5592,fr,,,
5594,es,,,
5708,en,,,
5717,en,,,
5723,cs,,,
5723,en,,,
5729,fr,,,
5729,fr,,,
5801,bn,,,
5817,sv,,,
5822,en,,,
5879,ja,,,
5915,en,,,
5955,en,,,
5960,ar,,,
5960,en,,,
5960,es,,,
5960,he,,,
5961,de,,,
5961,en,,,
5961,sv,,,
5961,yi,,,
5967,fr,,,
5991,de,,,
6007,no,,,
6173,fr,,,
6312,de,,,
6312,fr,,,
6312,it,,,
6461,de,,,
6535,en,,,
6537,es,,,
6553,de,,,
6615,en,,,
6615,es,,,
6619,en,,,
6619,fr,,,
6619,it,,,
6619,pl,,,
6636,es,,,
6691,fr,,,
6691,it,,,
6691,pl,,,
6968,de,,,
6968,en,,,
6968,fr,,,
6972,en,,,
6972,ja,,,
6977,en,,,
6977,es,,,
7229,fr,,,
7274,es,,,
7291,fr,,,
7291,pl,,,
7294,fi,,,
7326,en,,,
7345,en,,,
7347,pt,,,
7443,en,,,
7445,en,,,
7445,fr,,,
7500,ja,,,
7504,hi,,,
7514,en,,,
7735,de,,,
7736,de,,,
7797,de,,,
7797,en,,,
7797,es,,,
7797,fr,,,
7797,it,,,
7797,sa,,,
7857,it,,,
7859,en,,,
7860,ar,,,
7860,he,,,
7860,ar,,,
7860,he,,,
7862,de,,,
7862,en,,,
7862,he,,,
7862,ru,,,
7872,en,,,
7872,ur,,,
7972,en,,,
7973,ar,,,
7973,fr,,,
7979,en,,,
7979,fa,,,
7984,en,,,
8007,cs,,,
8007,en,,,
8007,es,,,
8007,sh,,,
8051,en,,,
8053,en,,,
8053,es,,,
8054,en,,,
8054,fr,,,
8054,ru,,,
8055,de,,,
8055,el,,,
8055,en,,,
8055,la,,,
8060,en,,,
8064,de,,,
8067,en,,,
8067,es,,,
8072,fr,,,
8073,fr,,,
8074,fr,,,
8088,en,,,
8088,es,,,
8094,en,,,
8193,en,,,
8194,en,,,
8219,es,,,
8220,es,,,
8221,es,,,
8265,fr,,,
8265,hu,,,
8266,de,,,
8266,en,,,
8266,fr,,,
8266,it,,,
8267,es,,,
8272,en,,,
8276,en,,,
8276,fr,,,
8279,fr,,,
8280,fr,,,
8282,fr,,,
8283,en,,,
8284,en,,,
8324,en,,,
8326,en,,,
8327,de,,,
8327,en,,,
8327,es,,,
8329,es,,,
8338,en,,,
8338,es,,,
8338,ja,,,
8340,ku,,,
8342,bs,,,
8342,de,,,
8342,en,,,
8342,es,,,
8342,fr,,,
8351,fr,,,
8356,en,,,
8356,es,,,
8356,fr,,,
8356,it,,,
8373,en,,,
8373,es,,,
8392,ja,,,
8392,ja,,,
8421,es,,,
8421,fr,,,
8422,it,,,
8424,fr,,,
8429,it,,,
8435,en,,,
8436,fr,,,
8439,es,,,
8439,pt,,,
8440,fr,,,
8440,pt,,,
8443,en,,,
8443,es,,,
8443,pt,,,
8444,pt,,,
8446,en,,,
8446,it,,,
8471,en,,,
8471,ru,,,
8512,en,,,
8556,de,,,
8588,en,,,
8588,fr,,,
8618,en,,,
8618,fr,,,
8648,fr,,,
8649,en,,,
8652,ja,,,
8652,ko,,,
8672,de,,,
8672,en,,,
8672,es,,,
8748,en,,,
8841,fr,,,
8847,en,,,
8880,ay,,,
8880,en,,,
8880,es,,,
8880,qu,,,
8881,en,,,
8882,it,,,
8883,da,,,
8883,de,,,
8885,ar,,,
8885,de,,,
8885,en,,,
8885,he,,,
8889,es,,,
8889,fr,,,
8898,es,,,
8899,de,,,
8899,fr,,,
8900,es,,,
8902,pt,,,
8904,tl,,,
8905,fr,,,
8905,it,,,
8905,tr,,,
8926,en,,,
8928,fr,,,
8933,no,,,
8937,ja,,,
8942,en,,,
8953,en,,,
8953,ja,,,
8953,pl,,,
8967,en,,,
8967,fr,,,
9008,ar,,,
9008,en,,,
9008,hu,,,
9008,ja,,,
9025,de,,,
9047,de,,,
9047,en,,,
9047,es,,,
9047,fr,,,
9047,gl,,,
9047,ru,,,
9047,tr,,,
9060,cn,,,
9060,zh,,,
9063,da,,,
9063,en,,,
9065,de,,,
9065,en,,,
9071,en,,,
9075,de,,,
9075,en,,,
9075,he,,,
9075,nl,,,
9081,en,,,
9261,en,,,
9261,zh,,,
9270,en,,,
9298,en,,,
9299,es,,,
9300,en,,,
9301,de,,,
9303,en,,,
9305,fr,,,
9322,fr,,,
9322,it,,,
9325,en,,,
9364,en,,,
9372,en,,,
9377,en,,,
9388,en,,,
9389,en,,,
9389,pl,,,
9391,en,,,
9428,en,,,
9428,it,,,
9439,es,,,
9470,cn,,,
9519,en,,,
9523,en,,,
9524,de,,,
9526,en,,,
9526,no,,,
9534,es,,,
9550,zh,,,
9552,ar,,,
9552,de,,,
9552,el,,,
9552,en,,,
9552,fr,,,
9552,la,,,
9555,en,,,
9606,en,,,
9606,ja,,,
9613,en,,,
9647,en,,,
9662,fr,,,
9662,pt,,,
9667,en,,,
9669,ja,,,
9672,en,,,
9675,en,,,
9675,hy,,,
9684,en,,,
9685,en,,,
9693,en,,,
9701,en,,,
9709,cs,,,
9709,en,,,
9729,en,,,
9729,fr,,,
9775,es,,,
9789,it,,,
9840,fr,,,
9845,en,,,
9845,es,,,
9871,en,,,
9871,es,,,
9905,en,,,
9905,pl,,,
9992,en,,,
9992,en,,,
9993,en,,,
9993,vi,,,
10018,de,,,
10045,fr,,,
10051,en,,,
10051,fr,,,
10133,en,,,
10139,en,,,
10147,en,,,
10147,pl,,,
10161,en,,,
10166,en,,,
10183,en,,,
10183,fr,,,
10183,ur,,,
10183,zh,,,
10217,en,,,
10217,es,,,
10227,de,,,
10227,en,,,
10227,fr,,,
10238,sv,,,
10242,en,,,
10279,en,,,
10279,es,,,
10279,it,,,
10291,es,,,
10305,fr,,,
10313,en,,,
10315,en,,,
10316,en,,,
10331,en,,,
10360,en,,,
10363,en,,,
10363,fr,,,
10363,it,,,
10363,en,,,
10363,fr,,,
10363,it,,,
10373,en,,,
10376,en,,,
10376,fr,,,
10386,en,,,
10386,es,,,
10387,zh,,,
10388,en,,,
10388,fr,,,
10389,en,,,
10389,th,,,
10389,zh,,,
10399,en,,,
10400,en,,,
10401,fr,,,
10401,it,,,
10437,en,,,
10437,hu,,,
10475,en,,,
10480,en,,,
10480,es,,,
10490,en,,,
10494,en,,,
10494,fr,,,
10494,it,,,
10494,ja,,,
10500,de,,,
10503,en,,,
10515,ja,,,
10531,en,,,
10548,en,,,
10557,en,,,
10557,ru,,,
10557,ur,,,
10569,en,,,
10575,en,,,
10575,it,,,
10608,en,,,
10613,en,,,
10613,fr,,,
10633,en,,,
10656,fr,,,
10656,ru,,,
10679,de,,,
10679,en,,,
10697,fr,,,
10700,en,,,
10700,ru,,,
10700,sw,,,
10707,en,,,
10707,fr,,,
10712,en,,,
10719,en,,,
10722,es,,,
10728,de,,,
10743,en,,,
10744,en,,,
10758,en,,,
10763,en,,,
10775,cn,,,
10778,en,,,
10784,de,,,
10784,en,,,
10784,fr,,,
10784,he,,,
10793,de,,,
10795,fr,,,
10795,ru,,,
10809,es,,,
10810,es,,,
10818,fr,,,
10822,en,,,
10834,de,,,
10834,en,,,
10856,en,,,
10856,es,,,
10857,en,,,
10867,it,,,
10873,de,,,
10873,en,,,
10876,en,,,
10888,ar,,,
10888,fr,,,
10907,en,,,
10913,en,,,
10930,fr,,,
10930,fr,,,
10935,de,,,
10935,en,,,
10935,fr,,,
10935,pl,,,
10935,ru,,,
10944,en,,,
10949,en,,,
10989,en,,,
10989,is,,,
10997,zh,,,
11013,en,,,
11019,en,,,
11023,en,,,
11023,es,,,
11023,pt,,,
11031,en,,,
11042,en,,,
11042,fr,,,
11049,en,,,
11051,en,,,
11057,de,,,
11075,ja,,,
11083,no,,,
11083,sv,,,
11104,cn,,,
11104,zh,,,
11109,en,,,
11121,en,,,
11129,en,,,
11148,es,,,
11156,en,,,
11156,fr,,,
11167,en,,,
11167,it,,,
11171,en,,,
11178,en,,,
11178,ko,,,
11190,ru,,,
11194,en,,,
11197,fi,,,
11197,sv,,,
11215,en,,,
11216,en,,,
11216,it,,,
11216,pt,,,
11220,cn,,,
11222,de,,,
11222,en,,,
11222,es,,,
11225,en,,,
11225,fr,,,
11225,la,,,
11225,pl,,,
11227,es,,,
11227,fr,,,
11240,en,,,
11252,en,,,
11299,de,,,
11299,fr,,,
11299,it,,,
11299,ja,,,
11315,ja,,,
11316,en,,,
11322,en,,,
11332,de,,,
11332,en,,,
11332,it,,,
11332,ja,,,
11332,la,,,
11332,ru,,,
11368,en,,,
11374,en,,,
11399,fr,,,
11420,en,,,
11421,fr,,,
11423,en,,,
11423,ko,,,
11424,en,,,
11426,en,,,
11426,es,,,
11439,en,,,
11439,fr,,,
11444,es,,,
11444,fr,,,
11444,pl,,,
11445,en,,,
11447,it,,,
11447,la,,,
11477,es,,,
11481,en,,,
11482,en,,,
11482,fr,,,
11489,fr,,,
11490,fr,,,
11492,zh,,,
11499,en,,,
11499,es,,,
11502,pl,,,
11516,en,,,
11516,fr,,,
11516,en,,,
11516,fr,,,
11533,en,,,
11533,es,,,
11533,fr,,,
11536,en,,,
11545,en,,,
11545,la,,,
11554,zh,,,
11556,de,,,
11556,es,,,
11559,en,,,
11577,en,,,
11599,zh,,,
11600,en,,,
11600,es,,,
11606,en,,,
11606,ja,,,
11606,th,,,
11634,sv,,,
11655,en,,,
11655,es,,,
11656,de,,,
11656,sv,,,
11657,fr,,,
11658,ko,,,
11660,en,,,
11671,en,,,
11671,es,,,
11698,de,,,
11698,en,,,
11699,en,,,
11699,es,,,
11705,en,,,
11710,de,,,
11712,ja,,,
11770,cn,,,
11770,zh,,,
11772,en,,,
11779,en,,,
11779,es,,,
11798,en,,,
11799,de,,,
11799,en,,,
11799,es,,,
11799,fr,,,
11801,en,,,
11826,en,,,
11832,da,,,
11832,fr,,,
11832,sv,,,
11832,da,,,
11832,fr,,,
11832,sv,,,
11837,en,,,
11838,ja,,,
11845,en,,,
11848,en,,,
11848,it,,,
11868,en,,,
11878,ja,,,
11881,en,,,
11881,nl,,,
11889,en,,,
11898,en,,,
11900,de,,,
11916,en,,,
11916,es,,,
11916,fr,,,
11928,en,,,
11928,es,,,
11928,fr,,,
11942,en,,,
11942,es,,,
11956,fr,,,
12079,en,,,
12086,es,,,
12090,de,,,
12090,en,,,
12090,fr,,,
12090,it,,,
12093,en,,,
12093,ru,,,
12093,sv,,,
12101,en,,,
12105,en,,,
12112,fr,,,
12130,bn,,,
12130,ms,,,
12130,zh,,,
12140,en,,,
12140,ja,,,
12140,zh,,,
12156,fr,,,
12162,ar,,,
12162,en,,,
12162,tr,,,
12163,en,,,
12165,en,,,
12172,en,,,
12179,en,,,
12198,fr,,,
12205,ja,,,
12206,de,,,
12228,en,,,
12246,mn,,,
12246,zh,,,
12249,de,,,
12249,en,,,
12249,fi,,,
12249,fr,,,
12259,hi,,,
12276,zh,,,
12308,it,,,
12404,en,,,
12405,en,,,
12405,fr,,,
12405,hi,,,
12408,en,,,
12413,es,,,
12429,ja,,,
12433,fr,,,
12454,en,,,
12454,fr,,,
12456,da,,,
12456,en,,,
12456,es,,,
12456,fr,,,
12473,ar,,,
12473,en,,,
12473,fr,,,
12473,ro,,,
12474,es,,,
12477,fr,,,
12477,ja,,,
12480,de,,,
12480,fr,,,
12491,it,,,
12496,ja,,,
12509,en,,,
12517,fr,,,
12524,en,,,
12524,la,,,
12527,es,,,
12544,it,,,
12548,es,,,
12548,it,,,
12572,en,,,
12573,en,,,
12573,he,,,
12573,yi,,,
12593,en,,,
12659,zh,,,
12677,en,,,
12677,es,,,
12698,en,,,
12706,en,,,
12777,en,,,
12783,en,,,
12798,it,,,
12800,it,,,
12802,en,,,
12806,ca,,,
12806,en,,,
12806,es,,,
12812,fr,,,
12877,en,,,
13003,en,,,
13005,en,,,
13007,ar,,,
13007,en,,,
13007,es,,,
13007,fa,,,
13007,he,,,
13020,en,,,
13023,en,,,
13041,es,,,
13068,en,,,
13073,en,,,
13073,he,,,
13075,en,,,
13090,en,,,
13090,es,,,
13120,en,,,
13132,en,,,
13188,en,,,
13193,en,,,
13206,en,,,
13210,en,,,
13222,en,,,
13241,en,,,
13245,iu,,,
13251,en,,,
13282,en,,,
13310,sv,,,
13317,es,,,
13320,en,,,
13342,en,,,
13348,de,,,
13348,en,,,
13368,en,,,
13368,pt,,,
13370,en,,,
13373,en,,,
13384,en,,,
13384,ru,,,
13385,en,,,
13432,de,,,
13433,en,,,
13433,ja,,,
13438,fa,,,
13438,ku,,,
13441,de,,,
13441,en,,,
13446,en,,,
13468,en,,,
13495,es,,,
13508,en,,,
13581,en,,,
13581,fr,,,
13597,en,,,
13614,de,,,
13614,pl,,,
13614,ru,,,
13616,en,,,
13616,hu,,,
13616,ru,,,
13635,ar,,,
13635,en,,,
13635,es,,,
13635,fr,,,
13653,es,,,
13670,en,,,
13672,en,,,
13672,fr,,,
13764,en,,,
13785,en,,,
13787,en,,,
13807,zh,,,
13820,en,,,
13855,ko,,,
13855,pl,,,
13885,en,,,
13898,fa,,,
13934,en,,,
13934,fr,,,
13963,en,,,
13998,en,,,
13998,it,,,
14002,en,,,
14016,zh,,,
14048,en,,,
14048,fr,,,
14061,en,,,
14061,ru,,,
14064,en,,,
14070,hi,,,
14086,it,,,
14087,ja,,,
14113,en,,,
14113,es,,,
14113,it,,,
14117,en,,,
14139,es,,,
14173,da,,,
14201,en,,,
14242,en,,,
14243,en,,,
14268,en,,,
14271,en,,,
14273,en,,,
14284,en,,,
14295,en,,,
14298,en,,,
14320,en,,,
14337,en,,,
14358,en,,,
14358,es,,,
14359,en,,,
14375,hu,,,
14375,it,,,
14392,zh,,,
14392,zh,,,
14394,hi,,,
14412,en,,,
14414,en,,,
14415,de,,,
14415,fr,,,
14415,la,,,
14421,pt,,,
14517,en,,,
14521,bo,,,
14521,fr,,,
14556,es,,,
14556,fr,,,
14585,en,,,
14587,en,,,
14587,hi,,,
14626,fr,,,
14626,it,,,
14626,ru,,,
14629,en,,,
14629,pt,,,
14638,en,,,
14651,fr,,,
14654,fr,,,
14657,es,,,
14657,hu,,,
14703,en,,,
14703,es,,,
14757,en,,,
14770,en,,,
14793,en,,,
14793,is,,,
14794,en,,,
14794,la,,,
14799,en,,,
14807,en,,,
14807,fr,,,
14823,en,,,
14837,en,,,
14904,en,,,
14940,en,,,
14976,en,,,
14978,en,,,
15013,en,,,
15030,en,,,
15067,ko,,,
15077,zh,,,
15083,he,,,
15083,yi,,,
15119,en,,,
15121,en,,,
15126,fr,,,
15184,en,,,
15184,it,,,
15185,en,,,
15247,en,,,
15247,sq,,,
15260,en,,,
15283,ja,,,
15362,en,,,
15362,fr,,,
15362,hu,,,
15370,ja,,,
15387,cs,,,
15394,de,,,
15394,en,,,
15402,en,,,
15484,en,,,
15661,en,,,
15661,ru,,,
15675,en,,,
15703,en,,,
15712,fr,,,
15742,en,,,
15742,hu,,,
15742,ru,,,
15782,he,,,
15804,zh,,,
15824,da,,,
15859,ko,,,
15865,es,,,
15961,da,,,
16070,en,,,
16074,bo,,,
16074,zh,,,
16077,en,,,
16092,es,,,
16103,de,,,
16103,en,,,
16131,en,,,
16135,en,,,
16135,fr,,,
16137,fr,,,
16151,en,,,
16170,is,,,
16240,en,,,
16305,en,,,
16307,en,,,
16350,en,,,
16351,de,,,
16351,en,,,
16351,fr,,,
16351,hy,,,
16351,tr,,,
16372,en,,,
16382,es,,,
16391,en,,,
16391,hi,,,
16410,en,,,
16429,en,,,
16447,ko,,,
16523,en,,,
16550,de,,,
16550,en,,,
16550,it,,,
16563,en,,,
16605,en,,,
16636,en,,,
16642,en,,,
16646,ru,,,
16664,ja,,,
16725,en,,,
16727,bn,,,
16727,cs,,,
16727,en,,,
16727,fr,,,
16727,hi,,,
16730,en,,,
16730,he,,,
16730,zu,,,
16804,ja,,,
16859,ja,,,
16998,en,,,
16998,fr,,,
16998,zh,,,
17003,en,,,
17003,es,,,
17077,fi,,,
17077,sv,,,
17078,de,,,
17078,fa,,,
17247,es,,,
17295,ar,,,
17295,en,,,
17295,fr,,,
17295,it,,,
17359,pt,,,
17376,fr,,,
17388,en,,,
17388,it,,,
17388,ru,,,
17431,en,,,
17431,es,,,
17452,en,,,
17460,fr,,,
17479,ce,,,
17479,ru,,,
17609,en,,,
17609,hu,,,
17631,it,,,
17771,en,,,
17771,fr,,,
17835,en,,,
17835,ru,,,
17889,en,,,
17889,es,,,
17962,ja,,,
17965,en,,,
17985,da,,,
18030,en,,,
18072,en,,,
18079,es,,,
18094,en,,,
18117,en,,,
18148,ja,,,
18183,es,,,
18200,en,,,
18200,es,,,
18200,fr,,,
18219,es,,,
18219,it,,,
18232,zh,,,
18290,en,,,
18311,zh,,,
18320,en,,,
18320,hu,,,
18329,cn,,,
18329,es,,,
18329,zh,,,
18381,fr,,,
18385,zh,,,
18412,fr,,,
18421,tr,,,
18436,en,,,
18460,fr,,,
18497,ar,,,
18497,es,,,
18497,fr,,,
18533,en,,,
18570,en,,,
18595,en,,,
18602,en,,,
18602,es,,,
18620,en,,,
18671,en,,,
18704,ko,,,
18704,zh,,,
18711,en,,,
18747,en,,,
18747,zh,,,
18764,cn,,,
18764,ru,,,
18764,zh,,,
18774,en,,,
18817,zh,,,
18858,en,,,
18893,en,,,
18898,en,,,
18900,en,,,
18939,cs,,,
18979,en,,,
18984,en,,,
19072,en,,,
19255,en,,,
19265,en,,,
19265,it,,,
19348,en,,,
19426,it,,,
19460,es,,,
19490,en,,,
19490,fr,,,
19521,fr,,,
19542,en,,,
19542,fr,,,
19666,en,,,
19666,hi,,,
19666,it,,,
19666,ur,,,
19833,cs,,,
19833,en,,,
19833,es,,,
19884,ja,,,
19935,cn,,,
19935,en,,,
19935,pt,,,
19935,zh,,,
19939,zh,,,
20017,de,,,
20021,en,,,
20024,en,,,
20024,fr,,,
20068,de,,,
20069,it,,,
20128,de,,,
20128,en,,,
20128,hu,,,
20128,sr,,,
20139,en,,,
20152,is,,,
20156,en,,,
20156,es,,,
20186,en,,,
20285,da,,,
20285,sv,,,
20316,es,,,
20334,en,,,
20345,it,,,
20357,en,,,
20357,fr,,,
20379,en,,,
20379,fr,,,
20379,it,,,
20379,pt,,,
20405,en,,,
20422,en,,,
20496,hi,,,
20535,hi,,,
20537,en,,,
20565,en,,,
20595,de,,,
20595,en,,,
20595,hu,,,
20604,en,,,
20617,ja,,,
20620,en,,,
20689,en,,,
20748,en,,,
20748,ne,,,
20764,en,,,
20764,es,,,
20764,it,,,
20766,en,,,
20778,fr,,,
20912,de,,,
20912,en,,,
20912,es,,,
20941,es,,,
21043,es,,,
21145,fr,,,
21156,cs,,,
21189,en,,,
21189,es,,,
21189,fr,,,
21191,es,,,
21191,pl,,,
21200,fr,,,
21290,en,,,
21345,en,,,
21345,zh,,,
21348,de,,,
21348,fr,,,
21383,en,,,
21409,es,,,
21450,en,,,
21451,en,,,
21490,ja,,,
21494,fr,,,
21494,hu,,,
21564,en,,,
21575,ar,,,
21575,co,,,
21575,fr,,,
21613,ja,,,
21616,es,,,
21631,en,,,
21665,hi,,,
21755,cs,,,
21755,en,,,
21755,fr,,,
21755,ja,,,
21755,cs,,,
21755,en,,,
21755,fr,,,
21755,ja,,,
21781,ko,,,
21810,en,,,
21950,en,,,
21968,en,,,
21991,en,,,
21991,fr,,,
21991,it,,,
22014,ar,,,
22014,fr,,,
22016,fr,,,
22074,en,,,
22074,pl,,,
22137,da,,,
22137,it,,,
22137,sv,,,
22152,en,,,
22200,en,,,
22215,en,,,
22238,ar,,,
22238,he,,,
22238,ru,,,
22274,fr,,,
22274,it,,,
22366,en,,,
22373,it,,,
22490,en,,,
22490,fr,,,
22498,en,,,
22536,en,,,
22536,fr,,,
22536,ko,,,
22584,en,,,
22584,fr,,,
22617,en,,,
22617,fr,,,
22617,it,,,
22638,en,,,
22638,fr,,,
22694,en,,,
22707,en,,,
22751,da,,,
22751,de,,,
22751,el,,,
22751,en,,,
22751,fi,,,
22751,is,,,
22751,no,,,
22751,sv,,,
22800,en,,,
22908,en,,,
22916,es,,,
22947,en,,,
22972,ar,,,
22972,en,,,
23044,en,,,
23098,en,,,
23305,hi,,,
23488,en,,,
23488,pl,,,
23488,ru,,,
23514,de,,,
23514,en,,,
23514,es,,,
23550,it,,,
23550,tr,,,
23676,de,,,
23676,en,,,
23676,es,,,
23676,fi,,,
23676,it,,,
23676,zh,,,
23720,en,,,
23750,en,,,
23825,en,,,
23908,de,,,
23908,en,,,
23924,en,,,
23949,en,,,
23949,hu,,,
23965,de,,,
23965,en,,,
23999,en,,,
24022,es,,,
24066,en,,,
24128,en,,,
24134,en,,,
24159,ro,,,
24159,ro,,,
24164,it,,,
24164,it,,,
24165,it,,,
24166,en,,,
24166,fr,,,
24166,zh,,,
24167,de,,,
24167,it,,,
24170,en,,,
24170,fr,,,
24171,ar,,,
24171,fr,,,
24177,it,,,
24180,fr,,,
24180,it,,,
24190,fr,,,
24192,it,,,
24192,it,,,
24238,en,,,
24238,yi,,,
24253,fr,,,
24253,it,,,
24253,sv,,,
24253,fr,,,
24253,it,,,
24253,sv,,,
24259,fr,,,
24276,en,,,
24276,it,,,
24403,en,,,
24403,ja,,,
24403,zh,,,
24424,ar,,,
24424,he,,,
24458,en,,,
24458,fr,,,
24461,en,,,
24469,en,,,
24525,en,,,
24653,it,,,
24657,en,,,
24657,fr,,,
24657,sv,,,
24684,en,,,
24747,en,,,
24747,fr,,,
24814,es,,,
24936,en,,,
24955,sv,,,
25037,de,,,
25037,en,,,
25037,fr,,,
25048,en,,,
25050,ja,,,
25062,en,,,
25103,en,,,
25112,en,,,
25142,ru,,,
25205,fr,,,
25205,ru,,,
25237,be,,,
25237,de,,,
25237,ru,,,
25300,it,,,
25312,en,,,
25350,en,,,
25350,ru,,,
25355,en,,,
25355,fr,,,
25376,es,,,
25403,it,,,
25461,en,,,
25461,es,,,
25466,es,,,
25500,fr,,,
25504,en,,,
25508,cs,,,
25508,en,,,
25520,en,,,
25520,fr,,,
25532,es,,,
25538,en,,,
25538,ja,,,
25538,zh,,,
25627,en,,,
25627,it,,,
25627,en,,,
25627,it,,,
25636,en,,,
25660,ko,,,
25673,en,,,
25783,en,,,
25783,es,,,
25793,en,,,
25793,it,,,
25795,es,,,
25846,en,,,
25846,it,,,
25858,ja,,,
25868,hi,,,
25911,es,,,
25911,fr,,,
25922,es,,,
25956,es,,,
25985,en,,,
25985,es,,,
25985,fr,,,
26005,cn,,,
26030,fr,,,
26036,en,,,
26039,en,,,
26039,es,,,
26165,es,,,
26191,de,,,
26191,fr,,,
26247,hi,,,
26247,ta,,,
26273,en,,,
26280,fr,,,
26338,fr,,,
26347,ar,,,
26347,es,,,
26347,fr,,,
26347,he,,,
26347,sh,,,
26356,it,,,
26488,de,,,
26488,es,,,
26513,en,,,
26518,en,,,
26535,en,,,
26564,en,,,
26606,en,,,
26610,no,,,
26610,sv,,,
26617,en,,,
26638,it,,,
26639,en,,,
26639,hu,,,
26813,bo,,,
26816,en,,,
26816,es,,,
26824,en,,,
26824,es,,,
26825,en,,,
26864,es,,,
26888,en,,,
26901,de,,,
26901,en,,,
26912,en,,,
27007,en,,,
27030,fr,,,
27062,zh,,,
27069,de,,,
27069,en,,,
27099,fr,,,
27099,ru,,,
27104,it,,,
27104,tr,,,
27141,de,,,
27141,en,,,
27141,yi,,,
27142,fr,,,
27197,ja,,,
27221,en,,,
27378,de,,,
27432,en,,,
27453,en,,,
27567,es,,,
27583,en,,,
27585,en,,,
27585,es,,,
27744,ar,,,
27744,en,,,
27744,he,,,
27787,ar,,,
27787,en,,,
27787,he,,,
27857,en,,,
27904,th,,,
27936,fr,,,
27936,pl,,,
28162,en,,,
28171,en,,,
28171,fa,,,
28171,pl,,,
28171,ps,,,
28204,es,,,
28213,fr,,,
28216,en,,,
28219,en,,,
28273,en,,,
28273,ja,,,
28307,en,,,
28430,en,,,
28436,en,,,
28448,en,,,
28463,fr,,,
28478,es,,,
28519,en,,,
28644,es,,,
28644,qu,,,
28698,en,,,
28705,he,,,
28784,en,,,
28801,en,,,
28894,en,,,
28988,ku,,,
29005,en,,,
29005,es,,,
29047,en,,,
29138,en,,,
29138,ku,,,
29138,tr,,,
29264,es,,,
29269,ja,,,
29270,fa,,,
29270,ku,,,
29291,de,,,
29291,en,,,
29291,fr,,,
29456,da,,,
29456,sv,,,
29568,es,,,
29568,fr,,,
29572,en,,,
29572,fr,,,
29572,it,,,
29572,ro,,,
29572,ru,,,
29572,yi,,,
29595,en,,,
29698,en,,,
29702,it,,,
29785,en,,,
29845,en,,,
29845,it,,,
29933,de,,,
29933,pl,,,
29960,en,,,
29963,en,,,
29963,hu,,,
29972,zh,,,
29982,en,,,
30014,en,,,
30018,ko,,,
30082,en,,,
30125,es,,,
30145,en,,,
30145,es,,,
30182,no,,,
30192,en,,,
30237,en,,,
30239,de,,,
30239,it,,,
30309,en,,,
30363,en,,,
30363,fr,,,
30368,ja,,,
30431,en,,,
30432,de,,,
30432,fr,,,
30432,hu,,,
30497,en,,,
30535,it,,,
30586,en,,,
30596,cn,,,
30596,en,,,
30596,zh,,,
30651,es,,,
30774,en,,,
30867,en,,,
30970,ar,,,
30970,de,,,
30970,en,,,
30970,fr,,,
30970,ro,,,
30994,en,,,
31023,es,,,
31026,tr,,,
31032,ro,,,
31041,en,,,
31064,en,,,
31152,en,,,
31262,en,,,
31262,fr,,,
31325,fr,,,
31353,fr,,,
31417,fr,,,
31516,en,,,
31522,fr,,,
31587,en,,,
31589,ja,,,
31712,en,,,
31767,en,,,
31822,es,,,
31850,ko,,,
31875,en,,,
31875,ru,,,
31900,fr,,,
31952,en,,,
31965,en,,,
32015,en,,,
32015,es,,,
32040,en,,,
32042,en,,,
32084,ar,,,
32084,en,,,
32084,fr,,,
32084,he,,,
32092,ar,,,
32092,en,,,
32092,fr,,,
32117,it,,,
32118,es,,,
32235,en,,,
32274,en,,,
32329,en,,,
32451,en,,,
32499,en,,,
32511,ro,,,
32547,es,,,
32590,en,,,
32604,en,,,
32604,fr,,,
32604,hu,,,
32604,it,,,
32604,ro,,,
32618,cs,,,
32640,en,,,
32646,en,,,
32687,fr,,,
32689,fr,,,
32695,es,,,
32695,ko,,,
32695,ru,,,
32847,en,,,
32847,pt,,,
32961,en,,,
32961,fr,,,
32961,pt,,,
33095,fr,,,
33104,hi,,,
33227,es,,,
33247,en,,,
33273,en,,,
33273,es,,,
33273,eu,,,
33294,da,,,
33302,fr,,,
33333,ja,,,
33421,en,,,
33491,fr,,,
33504,es,,,
33511,en,,,
33560,en,,,
33613,sv,,,
33665,en,,,
33765,de,,,
33765,en,,,
33774,en,,,
33774,es,,,
33823,en,,,
33916,cs,,,
33954,it,,,
33954,it,,,
34015,en,,,
34019,ja,,,
34025,en,,,
34029,en,,,
34030,en,,,
34045,de,,,
34045,en,,,
34045,fr,,,
34070,sv,,,
34106,en,,,
34106,ru,,,
34148,en,,,
34208,hu,,,
34208,ro,,,
34220,it,,,
34282,en,,,
34389,ar,,,
34389,ku,,,
34444,de,,,
34444,en,,,
34574,en,,,
34584,de,,,
34584,en,,,
34594,de,,,
34594,es,,,
34594,fr,,,
34594,it,,,
34647,en,,,
34647,ja,,,
34653,en,,,
34653,es,,,
34689,en,,,
34787,en,,,
34787,ja,,,
34836,en,,,
34899,vi,,,
34985,es,,,
35030,en,,,
35080,en,,,
35124,es,,,
35125,de,,,
35172,fr,,,
35454,en,,,
35555,en,,,
35619,bs,,,
35619,de,,,
35619,en,,,
35619,sr,,,
35651,de,,,
35717,fr,,,
35780,en,,,
35824,en,,,
35837,en,,,
35837,es,,,
35837,fr,,,
35867,bn,,,
35894,es,,,
36048,en,,,
36102,it,,,
36143,fr,,,
36194,en,,,
36206,en,,,
36206,es,,,
36206,zh,,,
36210,zh,,,
36211,es,,,
36234,en,,,
36246,ja,,,
36262,en,,,
36262,fr,,,
36265,es,,,
36610,es,,,
36610,es,,,
36615,zh,,,
36645,en,,,
36645,fr,,,
36645,it,,,
36719,fr,,,
36719,hu,,,
36758,en,,,
36758,it,,,
36791,de,,,
36791,en,,,
36791,fa,,,
36811,en,,,
36871,ja,,,
36872,ja,,,
36922,de,,,
36971,es,,,
37028,en,,,
37082,en,,,
37165,en,,,
37169,de,,,
37169,en,,,
37169,ja,,,
37181,de,,,
37181,fa,,,
37209,en,,,
37230,en,,,
37232,dz,,,
37234,en,,,
37285,th,,,
37288,ko,,,
37368,en,,,
37414,en,,,
37495,ar,,,
37495,en,,,
37495,es,,,
37640,en,,,
37645,en,,,
37645,fr,,,
37653,fr,,,
37659,en,,,
37662,en,,,
37691,en,,,
37691,es,,,
37711,ja,,,
37748,en,,,
37748,es,,,
37748,it,,,
37797,ja,,,
37799,en,,,
37810,he,,,
37810,yi,,,
37842,fr,,,
37867,es,,,
37903,de,,,
37903,it,,,
37903,la,,,
37903,pl,,,
37933,ja,,,
38027,en,,,
38047,ja,,,
38091,es,,,
38325,ru,,,
38327,it,,,
38365,en,,,
38368,fr,,,
38368,th,,,
38384,en,,,
38413,en,,,
38414,fr,,,
38568,en,,,
38608,en,,,
38608,ka,,,
38643,en,,,
38645,en,,,
38684,en,,,
38688,en,,,
38688,es,,,
38724,en,,,
38810,el,,,
38874,en,,,
38874,es,,,
38874,fr,,,
38874,la,,,
38874,pt,,,
38879,fr,,,
38884,ca,,,
38884,en,,,
38884,es,,,
38911,en,,,
38961,en,,,
38984,en,,,
38984,fr,,,
38984,ru,,,
38987,en,,,
39013,en,,,
39023,id,,,
39141,en,,,
39141,hu,,,
39196,eu,,,
39210,en,,,
39210,it,,,
39312,en,,,
39358,en,,,
39376,ro,,,
39378,es,,,
39387,cs,,,
39428,en,,,
39452,en,,,
39452,fr,,,
39489,es,,,
39504,bm,,,
39504,fr,,,
39507,en,,,
39561,pl,,,
39781,en,,,
39800,en,,,
39816,en,,,
39816,hi,,,
39851,en,,,
39885,ja,,,
39891,en,,,
40074,en,,,
40074,es,,,
40244,en,,,
40247,en,,,
40421,en,,,
40421,es,,,
40421,fr,,,
40427,fa,,,
40429,es,,,
40476,he,,,
40620,de,,,
40620,en,,,
40623,cs,,,
40623,fr,,,
40623,it,,,
40751,cn,,,
40751,zh,,,
40794,it,,,
40794,it,,,
40844,en,,,
40880,en,,,
40925,en,,,
40938,es,,,
40998,en,,,
40998,si,,,
40998,ta,,,
41089,en,,,
41089,es,,,
41110,en,,,
41110,it,,,
41110,ru,,,
41123,fr,,,
41165,en,,,
41184,en,,,
41201,en,,,
41201,es,,,
41201,fr,,,
41201,gd,,,
41248,es,,,
41248,fr,,,
41250,en,,,
41277,fr,,,
41292,zh,,,
41330,en,,,
41330,es,,,
41391,da,,,
41411,de,,,
41411,fr,,,
41411,yi,,,
41425,ca,,,
41426,en,,,
41462,en,,,
41462,es,,,
41504,fr,,,
41508,de,,,
41508,en,,,
41508,he,,,
41508,hu,,,
41508,pl,,,
41508,yi,,,
41566,en,,,
41593,it,,,
41772,en,,,
41799,en,,,
41821,zh,,,
41823,en,,,
41947,en,,,
41951,en,,,
41951,fr,,,
41967,en,,,
41967,is,,,
42013,en,,,
42093,de,,,
42093,en,,,
42093,fr,,,
42139,es,,,
42142,de,,,
42156,en,,,
42188,en,,,
42188,fr,,,
42208,de,,,
42232,en,,,
42241,la,,,
42296,en,,,
42380,cn,,,
42420,it,,,
42449,en,,,
42449,fr,,,
42449,vi,,,
42611,de,,,
42611,en,,,
42611,fr,,,
42612,en,,,
42641,en,,,
42641,es,,,
42641,fr,,,
42691,it,,,
42696,sh,,,
42719,en,,,
42719,it,,,
42739,en,,,
42839,en,,,
42881,en,,,
42943,en,,,
43028,en,,,
43088,zh,,,
43271,es,,,
43322,pl,,,
43423,fa,,,
43432,es,,,
43434,ar,,,
43434,de,,,
43434,en,,,
43434,es,,,
43434,fr,,,
43434,hu,,,
43434,ja,,,
43434,ru,,,
43444,it,,,
43461,en,,,
43541,es,,,
43612,fr,,,
43614,fr,,,
43619,ca,,,
43619,en,,,
43619,fr,,,
43654,en,,,
43751,es,,,
43765,fa,,,
43771,fa,,,
43772,fa,,,
43904,fr,,,
43904,ru,,,
43936,fr,,,
43936,km,,,
43940,en,,,
43940,es,,,
43943,en,,,
43969,fa,,,
43978,fa,,,
44003,ar,,,
44003,bg,,,
44003,en,,,
44003,fr,,,
44003,it,,,
44003,sh,,,
44003,tr,,,
44007,es,,,
44009,en,,,
44027,en,,,
44069,fa,,,
44102,ar,,,
44104,ar,,,
44104,en,,,
44104,he,,,
44104,it,,,
44115,en,,,
44132,fr,,,
44132,it,,,
44135,en,,,
44160,tr,,,
44196,en,,,
44214,en,,,
44214,fr,,,
44214,it,,,
44246,de,,,
44246,tr,,,
44264,en,,,
44284,ar,,,
44284,fr,,,
44316,de,,,
44316,en,,,
44316,he,,,
44358,el,,,
44358,en,,,
44379,fr,,,
44407,en,,,
44408,fr,,,
44487,en,,,
44490,en,,,
44502,en,,,
44502,pt,,,
44513,ru,,,
44524,fr,,,
44539,fr,,,
44549,en,,,
44549,hi,,,
44559,de,,,
44559,en,,,
44559,fr,,,
44560,zh,,,
44629,en,,,
44639,en,,,
44674,fr,,,
44708,zh,,,
44716,da,,,
44716,en,,,
44716,ru,,,
44716,sv,,,
44768,ja,,,
44793,fr,,,
44853,en,,,
44878,cy,,,
44878,en,,,
44898,ar,,,
44898,en,,,
44898,he,,,
44912,en,,,
44944,en,,,
44967,ru,,,
44986,en,,,
44989,es,,,
45044,fr,,,
45126,fr,,,
45269,en,,,
45480,cn,,,
45484,zh,,,
45595,en,,,
45698,pl,,,
45714,en,,,
45935,cn,,,
45958,cn,,,
45958,es,,,
45958,wo,,,
45958,zh,,,
46105,en,,,
46138,en,,,
46146,nb,,,
46207,fr,,,
46296,da,,,
46326,fr,,,
46332,ar,,,
46332,fr,,,
46427,en,,,
46435,de,,,
46435,en,,,
46435,fr,,,
46435,it,,,
46435,ja,,,
46466,fr,,,
46535,it,,,
46594,ru,,,
46633,en,,,
46686,en,,,
46689,en,,,
46689,pt,,,
46705,en,,,
46712,es,,,
46712,es,,,
46738,ar,,,
46738,en,,,
46738,fr,,,
46761,fr,,,
46785,fa,,,
46798,en,,,
46798,es,,,
46798,ko,,,
46820,es,,,
46831,fr,,,
46837,en,,,
46909,bg,,,
46909,en,,,
46918,ja,,,
46934,en,,,
46991,fr,,,
46993,pt,,,
47007,es,,,
47069,en,,,
47075,en,,,
47105,ar,,,
47105,es,,,
47105,fr,,,
47105,hu,,,
47105,sk,,,
47105,tr,,,
47137,ca,,,
47137,es,,,
47138,it,,,
47143,en,,,
47143,fr,,,
47143,ko,,,
47143,ru,,,
47186,en,,,
47186,fr,,,
47192,en,,,
47192,es,,,
47225,es,,,
47226,fr,,,
47226,zh,,,
47244,fr,,,
47261,es,,,
47261,pt,,,
47298,es,,,
47324,ar,,,
47387,cs,,,
47387,sk,,,
47426,en,,,
47426,es,,,
47426,pt,,,
47439,fr,,,
47458,en,,,
47499,fr,,,
47549,es,,,
47576,en,,,
47576,es,,,
47595,fr,,,
47595,sv,,,
47694,zh,,,
47707,es,,,
47714,it,,,
47735,sv,,,
47796,it,,,
47869,en,,,
47904,ar,,,
47904,en,,,
47904,fr,,,
47909,ko,,,
47943,fr,,,
47959,en,,,
47959,es,,,
47959,fr,,,
47959,it,,,
47964,en,,,
47964,ru,,,
48034,fr,,,
48035,da,,,
48121,en,,,
48121,es,,,
48121,fr,,,
48121,it,,,
48121,pt,,,
48139,es,,,
48151,en,,,
48217,fr,,,
48231,en,,,
48233,hi,,,
48243,ar,,,
48243,en,,,
48243,pl,,,
48303,de,,,
48303,en,,,
48303,fr,,,
48303,it,,,
48395,en,,,
48395,fi,,,
48395,fr,,,
48417,cn,,,
48594,es,,,
48831,fr,,,
48895,ko,,,
48999,es,,,
49009,en,,,
49009,pl,,,
49009,ru,,,
49014,en,,,
49020,en,,,
49104,ar,,,
49104,en,,,
49104,fr,,,
49104,he,,,
49152,it,,,
49167,ar,,,
49167,fr,,,
49168,ar,,,
49168,he,,,
49168,tr,,,
49256,es,,,
49267,en,,,
49393,pt,,,
49517,en,,,
49680,he,,,
49680,ka,,,
49681,es,,,
49681,ko,,,
49681,yi,,,
49687,it,,,
49689,he,,,
49696,fr,,,
49696,it,,,
49696,ro,,,
49824,fr,,,
49931,fr,,,
49936,en,,,
49952,en,,,
49956,en,,,
49977,sv,,,
49982,cn,,,
49982,ja,,,
49982,zh,,,
50004,es,,,
50035,en,,,
50152,ru,,,
50272,es,,,
50420,en,,,
50476,ko,,,
50542,zh,,,
50627,en,,,
50650,cn,,,
50837,en,,,
51071,fr,,,
51079,en,,,
51141,de,,,
51141,sv,,,
51241,fr,,,
51244,fr,,,
51276,ru,,,
51378,es,,,
51409,de,,,
51409,en,,,
51447,fr,,,
51484,cn,,,
51548,es,,,
51618,en,,,
51619,en,,,
51739,ja,,,
51775,cn,,,
51857,es,,,
51865,fr,,,
51971,fr,,,
51976,es,,,
51992,en,,,
51992,fr,,,
51994,en,,,
52014,cy,,,
52014,en,,,
52014,es,,,
52032,en,,,
52036,en,,,
52103,zh,,,
52274,es,,,
52322,es,,,
52620,en,,,
52654,en,,,
52654,it,,,
52717,fr,,,
52799,es,,,
53110,en,,,
53124,es,,,
53244,fr,,,
53267,ko,,,
53315,en,,,
53344,en,,,
53399,it,,,
53457,de,,,
53457,en,,,
53457,fr,,,
53457,it,,,
53457,yi,,,
53487,fr,,,
53487,hu,,,
53596,es,,,
53659,en,,,
53659,en,,,
53750,es,,,
53850,en,,,
53960,pt,,,
53961,pt,,,
53996,en,,,
54012,fr,,,
54144,es,,,
54178,zh,,,
54186,ja,,,
54530,ar,,,
54580,de,,,
54580,es,,,
54659,ko,,,
54837,es,,,
54898,fr,,,
54976,es,,,
55003,fr,,,
55003,ln,,,
55244,en,,,
55372,fr,,,
55372,it,,,
55613,en,,,
55616,en,,,
55650,sv,,,
55720,en,,,
55720,es,,,
55785,en,,,
55785,fr,,,
55903,fr,,,
55912,de,,,
55912,en,,,
55955,en,,,
56137,en,,,
56137,gd,,,
56180,es,,,
56271,en,,,
56345,de,,,
56358,de,,,
56418,ar,,,
56418,de,,,
56418,es,,,
56486,de,,,
56542,de,,,
56575,cn,,,
56746,es,,,
56807,ar,,,
56812,es,,,
56815,es,,,
56947,fr,,,
56959,it,,,
57022,en,,,
57120,en,,,
57243,es,,,
57243,fr,,,
57387,fr,,,
57389,it,,,
57403,en,,,
57403,fr,,,
57403,pt,,,
57406,en,,,
57413,es,,,
57489,es,,,
57521,ca,,,
57521,es,,,
57544,es,,,
57602,fr,,,
57703,ja,,,
57978,en,,,
58062,en,,,
58089,it,,,
58429,es,,,
58496,en,,,
58496,fr,,,
58496,ja,,,
58496,pt,,,
58656,it,,,
58857,ja,,,
58946,es,,,
59065,en,,,
59213,es,,,
59266,en,,,
59436,de,,,
59436,en,,,
59436,es,,,
59436,fr,,,
59678,de,,,
59678,en,,,
59678,fr,,,
59917,en,,,
59995,en,,,
60025,fr,,,
60141,pt,,,
60243,fa,,,
60395,en,,,
60421,fa,,,
60531,fr,,,
60567,bn,,,
60670,fr,,,
60812,cn,,,
60812,zh,,,
61222,fr,,,
61302,en,,,
61302,gd,,,
61401,en,,,
61461,it,,,
61485,zh,,,
61631,es,,,
61663,fr,,,
61667,de,,,
61667,en,,,
61667,es,,,
61667,fr,,,
61667,it,,,
61667,la,,,
61667,pl,,,
61718,en,,,
61718,es,,,
61770,en,,,
61820,fa,,,
62215,en,,,
62321,el,,,
62364,es,,,
62463,en,,,
62580,fr,,,
62676,en,,,
62691,ja,,,
62915,es,,,
63100,en,,,
63115,en,,,
63311,en,,,
63311,es,,,
63498,en,,,
63498,es,,,
63498,fr,,,
63579,en,,,
63585,en,,,
63611,es,,,
63687,es,,,
63831,fr,,,
63923,id,,,
63923,jv,,,
63946,fr,,,
63946,ln,,,
64074,en,,,
64189,fr,,,
64209,es,,,
64310,fr,,,
64403,it,,,
64403,pt,,,
64450,tl,,,
64462,es,,,
64481,fr,,,
64586,en,,,
64621,en,,,
64649,ja,,,
64682,en,,,
64689,en,,,
64690,en,,,
64720,en,,,
64835,it,,,
64900,en,,,
64900,fr,,,
64900,ru,,,
65057,en,,,
65057,fr,,,
65229,fr,,,
65296,en,,,
65296,fr,,,
65318,ko,,,
65749,es,,,
65754,cs,,,
65754,en,,,
65754,fr,,,
65754,sv,,,
65795,en,,,
65795,es,,,
65795,fr,,,
66150,en,,,
66765,en,,,
67297,de,,,
67297,es,,,
67297,ru,,,
67367,fr,,,
67381,fr,,,
67385,fr,,,
67588,en,,,
67748,en,,,
67794,en,,,
67885,en,,,
67913,en,,,
67913,ga,,,
68442,ko,,,
68569,en,,,
68718,de,,,
68718,en,,,
68718,fr,,,
68722,en,,,
68727,en,,,
68727,fr,,,
68818,en,,,
68818,es,,,
68818,hu,,,
68818,pl,,,
69122,sv,,,
69141,en,,,
69324,en,,,
69340,en,,,
69605,en,,,
70443,fr,,,
70637,en,,,
70670,da,,,
70670,en,,,
70670,no,,,
70670,ru,,,
70763,en,,,
70925,en,,,
70954,en,,,
70954,fr,,,
71157,ar,,,
71157,fr,,,
71559,fr,,,
71688,en,,,
71786,ca,,,
71786,es,,,
71801,es,,,
71859,en,,,
72083,es,,,
72113,en,,,
72277,en,,,
72383,en,,,
72383,fr,,,
72392,ko,,,
72553,es,,,
72566,en,,,
72711,en,,,
72721,en,,,
72721,es,,,
72900,es,,,
72917,fr,,,
72958,bn,,,
72985,tl,,,
73203,en,,,
73293,es,,,
73473,es,,,
73532,fr,,,
73562,fr,,,
73567,en,,,
73686,de,,,
73686,fr,,,
73686,pl,,,
73686,uk,,,
73811,es,,,
74119,fr,,,
74119,pl,,,
74237,en,,,
74345,es,,,
74534,en,,,
74534,hi,,,
74643,en,,,
74680,es,,,
74726,de,,,
74726,es,,,
74840,es,,,
74879,tr,,,
74955,en,,,
74955,is,,,
75000,en,,,
75195,en,,,
75195,es,,,
75233,en,,,
75233,no,,,
75301,en,,,
75364,fr,,,
75404,fa,,,
75450,en,,,
75450,km,,,
75622,en,,,
75622,fr,,,
75900,en,,,
76025,en,,,
76025,fr,,,
76025,pl,,,
76072,en,,,
76112,en,,,
76203,en,,,
76406,de,,,
76406,en,,,
76406,ja,,,
76451,nl,,,
76543,en,,,
76636,fr,,,
76636,wo,,,
76638,cs,,,
76696,es,,,
77189,es,,,
77283,en,,,
77285,ja,,,
77338,fr,,,
77365,en,,,
77438,fr,,,
77461,ar,,,
77461,en,,,
77461,ru,,,
77546,en,,,
77635,en,,,
77635,es,,,
77635,fr,,,
77955,en,,,
77987,en,,,
77987,th,,,
78089,en,,,
78182,ru,,,
78208,fr,,,
78342,he,,,
78450,zh,,,
78457,en,,,
78476,fr,,,
78480,ar,,,
78480,en,,,
78480,fr,,,
78563,fr,,,
78568,fr,,,
78604,de,,,
78646,sv,,,
78705,es,,,
78789,fr,,,
79120,en,,,
79156,ar,,,
79156,he,,,
79302,es,,,
79382,ja,,,
79706,xh,,,
79745,es,,,
79767,es,,,
80258,it,,,
80280,ca,,,
80280,es,,,
80282,es,,,
80717,es,,,
81167,en,,,
81401,de,,,
81401,hu,,,
81458,en,,,
81458,es,,,
81458,fr,,,
81515,en,,,
81538,de,,,
81538,en,,,
81538,he,,,
81623,es,,,
81649,hi,,,
81661,sr,,,
81704,de,,,
81836,en,,,
81836,it,,,
81852,fr,,,
81857,el,,,
81930,es,,,
82103,pt,,,
82254,it,,,
82327,da,,,
82327,de,,,
82327,fr,,,
82449,sv,,,
82501,en,,,
82501,fr,,,
82533,en,,,
82533,pl,,,
82550,de,,,
82550,en,,,
82550,fr,,,
82550,it,,,
82633,en,,,
82688,ca,,,
82688,en,,,
82688,fr,,,
82695,en,,,
82695,es,,,
82695,fr,,,
82798,es,,,
82941,de,,,
82941,en,,,
83114,ja,,,
83266,es,,,
83271,es,,,
83389,ja,,,
83440,ru,,,
83505,es,,,
83540,en,,,
83581,en,,,
83589,en,,,
83666,en,,,
83770,en,,,
83770,fr,,,
84111,zh,,,
84169,en,,,
84175,en,,,
84175,fr,,,
84188,de,,,
84188,en,,,
84188,fr,,,
84251,ja,,,
84284,en,,,
84286,en,,,
84287,en,,,
84290,en,,,
84291,en,,,
84330,en,,,
84332,en,,,
84334,en,,,
84336,en,,,
84342,en,,,
84355,en,,,
84427,fr,,,
84698,fr,,,
84797,es,,,
84797,fr,,,
84797,pl,,,
84922,en,,,
85033,fr,,,
85039,en,,,
85125,en,,,
85125,hi,,,
85284,ja,,,
85444,en,,,
85444,es,,,
85444,gl,,,
85461,ca,,,
85472,en,,,
85502,cn,,,
85521,en,,,
85529,en,,,
85542,en,,,
85543,es,,,
85545,fr,,,
85549,es,,,
85559,en,,,
85645,es,,,
85660,es,,,
85741,fr,,,
85743,sv,,,
85761,es,,,
86266,ko,,,
86440,es,,,
86555,en,,,
86643,en,,,
86825,en,,,
86829,en,,,
86837,fr,,,
86838,en,,,
86838,vi,,,
86982,sv,,,
87012,fr,,,
87504,en,,,
88057,en,,,
88273,da,,,
88284,de,,,
88500,it,,,
88931,ja,,,
89237,en,,,
89280,en,,,
89297,es,,,
89456,fr,,,
89482,en,,,
89482,es,,,
89482,fr,,,
89482,sh,,,
89482,sq,,,
89495,de,,,
89495,es,,,
89708,en,,,
89764,es,,,
90125,en,,,
91099,es,,,
91186,cn,,,
91367,en,,,
91739,en,,,
92348,en,,,
92348,fr,,,
92603,es,,,
92786,es,,,
93188,fr,,,
93858,en,,,
93858,pl,,,
93858,pt,,,
93915,es,,,
94047,de,,,
94047,en,,,
94047,ja,,,
94047,ko,,,
94047,ru,,,
94047,zh,,,
94123,en,,,
94525,ja,,,
94653,en,,,
94725,en,,,
94904,es,,,
95098,es,,,
95277,en,,,
95597,fr,,,
95728,cn,,,
96220,es,,,
96287,es,,,
96487,cn,,,
96535,en,,,
96721,de,,,
96721,en,,,
96721,fr,,,
96721,it,,,
96724,en,,,
96724,fr,,,
96821,it,,,
96892,es,,,
96936,en,,,
97020,en,,,
97064,ar,,,
97064,fr,,,
97365,en,,,
97365,fr,,,
97365,pl,,,
97367,en,,,
97367,es,,,
97370,en,,,
97548,es,,,
97548,he,,,
97610,en,,,
97630,ar,,,
97630,en,,,
97754,cs,,,
97754,es,,,
97762,en,,,
98019,en,,,
98020,es,,,
98205,fr,,,
98232,zh,,,
98246,ja,,,
98642,ru,,,
98866,es,,,
98866,fr,,,
99002,fr,,,
99006,en,,,
99453,en,,,
99637,en,,,
99647,ja,,,
99648,es,,,
99950,es,,,
100122,es,,,
100156,cn,,,
100270,es,,,
100270,pl,,,
100898,nl,,,
101041,es,,,
101119,en,,,
101119,fi,,,
101173,en,,,
101173,es,,,
101173,fr,,,
101173,it,,,
101173,la,,,
101173,en,,,
101173,es,,,
101173,fr,,,
101173,it,,,
101173,la,,,
101338,es,,,
101801,cs,,,
101958,de,,,
101998,en,,,
102000,en,,,
102000,fr,,,
102001,ja,,,
102272,de,,,
102344,es,,,
102377,es,,,
102394,es,,,
102489,de,,,
102489,en,,,
102489,es,,,
102489,fr,,,
102513,es,,,
102516,es,,,
102933,en,,,
103236,hi,,,
103328,fr,,,
103475,en,,,
103686,de,,,
103689,es,,,
103731,en,,,
103740,ro,,,
103747,en,,,
103758,it,,,
104435,es,,,
105448,fr,,,
105448,pt,,,
105978,en,,,
106230,en,,,
106230,th,,,
106646,en,,,
107073,es,,,
107418,ar,,,
107418,es,,,
107418,eu,,,
107418,fr,,,
107418,pt,,,
107589,es,,,
107985,en,,,
108331,es,,,
108386,en,,,
108544,ar,,,
108544,fr,,,
108707,es,,,
108917,en,,,
109424,en,,,
109424,so,,,
109785,es,,,
109819,es,,,
110160,en,,,
110160,fr,,,
110198,ca,,,
110198,es,,,
110207,es,,,
110323,fr,,,
110392,en,,,
110393,es,,,
110398,es,,,
110414,en,,,
110838,en,,,
111012,de,,,
111471,es,,,
111473,en,,,
111689,es,,,
112191,es,,,
112336,en,,,
112477,en,,,
112631,es,,,
112852,en,,,
112853,en,,,
112942,es,,,
113095,de,,,
113148,en,,,
114090,es,,,
114333,es,,,
114860,es,,,
114896,es,,,
114913,en,,,
114931,de,,,
114961,en,,,
115150,de,,,
115213,ja,,,
115301,es,,,
115470,es,,,
115504,es,,,
115506,en,,,
115506,es,,,
115506,it,,,
115524,es,,,
115550,es,,,
115603,ca,,,
115603,es,,,
115610,en,,,
115610,es,,,
115610,ku,,,
115610,qu,,,
115610,tr,,,
115655,es,,,
115784,ja,,,
115810,en,,,
115810,es,,,
115810,fr,,,
115821,fr,,,
116811,en,,,
116811,it,,,
116982,es,,,
117234,de,,,
117234,tr,,,
117316,ar,,,
117316,de,,,
117316,en,,,
117316,fr,,,
117316,he,,,
117457,es,,,
117974,en,,,
117974,pl,,,
117989,de,,,
118011,es,,,
118560,en,,,
119296,en,,,
119609,es,,,
119675,en,,,
119807,es,,,
120303,es,,,
120467,en,,,
120467,fr,,,
121210,ar,,,
121210,fr,,,
121496,es,,,
121558,el,,,
121558,es,,,
121558,fr,,,
121558,wo,,,
121598,en,,,
121598,hi,,,
121598,ur,,,
121677,en,,,
121677,ur,,,
121826,en,,,
121826,fr,,,
121835,de,,,
121835,en,,,
121872,en,,,
121873,de,,,
121873,en,,,
121873,fr,,,
121873,he,,,
121873,la,,,
121879,en,,,
121883,de,,,
121929,es,,,
121986,en,,,
122019,es,,,
122081,en,,,
122088,he,,,
122089,en,,,
122089,fr,,,
122089,it,,,
122611,zh,,,
122703,es,,,
123648,ar,,,
123678,en,,,
123678,id,,,
123825,da,,,
124555,en,,,
124555,ga,,,
125183,ko,,,
125742,fr,,,
125743,ar,,,
125769,en,,,
126250,da,,,
126250,en,,,
126250,es,,,
126250,it,,,
126251,en,,,
126315,es,,,
126328,fr,,,
126379,cn,,,
127030,es,,,
127242,en,,,
127363,en,,,
127370,en,,,
127373,de,,,
127373,en,,,
127465,es,,,
127539,ja,,,
127560,en,,,
127702,es,,,
127846,da,,,
127846,de,,,
127846,en,,,
127846,pl,,,
127880,es,,,
127913,is,,,
127918,fr,,,
127918,he,,,
127962,en,,,
128133,de,,,
128133,en,,,
128158,de,,,
128190,en,,,
128216,en,,,
128248,en,,,
129112,ar,,,
129670,en,,,
129670,es,,,
129734,ar,,,
129734,de,,,
130055,fr,,,
130370,fr,,,
130458,es,,,
130593,en,,,
130733,fr,,,
130737,en,,,
130737,ki,,,
130737,sw,,,
131232,it,,,
132288,es,,,
132344,el,,,
132344,en,,,
132344,fr,,,
133250,de,,,
133250,tr,,,
133704,en,,,
133919,de,,,
133919,es,,,
133919,fr,,,
133919,sv,,,
134158,en,,,
134222,fr,,,
134245,es,,,
134270,fr,,,
134673,fr,,,
134781,fr,,,
136190,cs,,,
136274,es,,,
136403,de,,,
136403,en,,,
136403,fr,,,
136403,it,,,
136437,fr,,,
136726,es,,,
136996,en,,,
137079,ar,,,
137182,fr,,,
137182,nl,,,
137726,fr,,,
138092,es,,,
138313,en,,,
138313,it,,,
138313,ko,,,
138697,en,,,
139301,es,,,
139306,es,,,
139705,en,,,
139828,en,,,
139863,eu,,,
140667,ar,,,
140708,fi,,,
142108,en,,,
144789,es,,,
145821,es,,,
146015,en,,,
147196,am,,,
147196,en,,,
147841,es,,,
148353,ca,,,
148353,es,,,
149459,es,,,
149767,ar,,,
149767,de,,,
149767,en,,,
149767,es,,,
149767,he,,,
149861,es,,,
149870,de,,,
149870,fr,,,
149870,it,,,
149870,ja,,,
150664,de,,,
150664,es,,,
150664,eu,,,
150897,de,,,
152532,en,,,
152532,ja,,,
152584,en,,,
152584,fr,,,
152601,en,,,
152603,ar,,,
152603,en,,,
152603,fr,,,
152748,en,,,
152748,fr,,,
152780,fr,,,
153576,fr,,,
153576,nl,,,
154633,zh,,,
155783,tl,,,
156700,en,,,
156700,fr,,,
156965,en,,,
157354,en,,,
157832,en,,,
158091,fr,,,
158091,tl,,,
158743,en,,,
158907,en,,,
158914,en,,,
158999,en,,,
159014,en,,,
159032,de,,,
159032,en,,,
159032,ru,,,
159040,en,,,
159138,en,,,
159151,en,,,
159154,en,,,
159942,bs,,,
159967,fr,,,
160068,es,,,
160165,pl,,,
160376,da,,,
160564,fr,,,
160588,en,,,
160946,en,,,
160946,es,,,
161024,es,,,
161336,ko,,,
162215,en,,,
162234,de,,,
162234,tr,,,
162841,zh,,,
163659,es,,,
163676,es,,,
163969,en,,,
164580,en,,,
166083,es,,,
166671,en,,,
167435,es,,,
167548,mk,,,
167548,sr,,,
168138,ca,,,
168138,es,,,
168672,en,,,
168742,lo,,,
169319,es,,,
169343,ca,,,
169343,es,,,
169343,ru,,,
169627,bo,,,
169627,en,,,
169627,zh,,,
169813,en,,,
170321,ja,,,
170502,es,,,
170767,es,,,
170767,fr,,,
171229,es,,,
171372,en,,,
171516,es,,,
171944,fr,,,
172926,es,,,
173228,en,,,
173228,sw,,,
173925,he,,,
174353,de,,,
174353,fr,,,
174372,pl,,,
174861,ar,,,
174861,es,,,
176575,es,,,
177699,en,,,
177945,ja,,,
178290,en,,,
179109,fr,,,
179111,en,,,
179144,es,,,
179144,it,,,
179144,ja,,,
179144,zh,,,
179246,en,,,
179424,es,,,
179538,es,,,
179553,de,,,
179927,ar,,,
179927,en,,,
179927,he,,,
181021,it,,,
184053,en,,,
184314,de,,,
184314,fr,,,
184352,fr,,,
185302,de,,,
185326,en,,,
185399,en,,,
186149,es,,,
186620,es,,,
186935,es,,,
186935,fr,,,
186971,de,,,
186971,fr,,,
186971,oc,,,
186976,es,,,
186992,fr,,,
186997,fr,,,
187022,cn,,,
187022,en,,,
187022,zh,,,
187028,ar,,,
187028,he,,,
187911,es,,,
187927,en,,,
188117,it,,,
188166,en,,,
188598,en,,,
188598,fr,,,
188598,zh,,,
189243,en,,,
189360,es,,,
190805,en,,,
191294,sv,,,
191714,en,,,
191714,hi,,,
191870,es,,,
192149,el,,,
192149,en,,,
192149,tr,,,
192889,ml,,,
193105,en,,,
193297,es,,,
193689,ko,,,
194101,en,,,
194537,en,,,
195917,es,,,
196263,es,,,
197082,de,,,
197082,fr,,,
199027,es,,,
199177,bg,,,
199177,de,,,
199851,es,,,
199914,fr,,,
199929,en,,,
200401,es,,,
200438,ca,,,
200645,fr,,,
201018,fr,,,
201760,en,,,
201760,es,,,
201797,es,,,
202984,bo,,,
202984,en,,,
203139,es,,,
203139,fr,,,
205220,en,,,
205225,en,,,
205354,en,,,
206227,de,,,
206227,en,,,
206227,es,,,
206227,fr,,,
206227,it,,,
206227,nl,,,
206227,pt,,,
206227,ru,,,
206408,cn,,,
206408,en,,,
206408,es,,,
206408,fr,,,
206408,yi,,,
206467,pt,,,
206608,es,,,
207638,es,,,
208355,es,,,
208478,en,,,
209155,ca,,,
209276,en,,,
209350,en,,,
209420,es,,,
210661,pl,,,
211865,en,,,
212606,en,,,
212606,no,,,
214030,en,,,
214289,fa,,,
216904,es,,,
217708,de,,,
217708,en,,,
217708,es,,,
217708,is,,,
218229,en,,,
218681,es,,,
225691,es,,,
226627,it,,,
228934,en,,,
229425,it,,,
230915,en,,,
233383,en,,,
235421,es,,,
237958,de,,,
238006,en,,,
239374,ja,,,
240809,es,,,
241151,en,,,
241924,en,,,
242289,pt,,,
243470,fr,,,
244186,en,,,
244509,en,,,
245775,fr,,,
246340,en,,,
246665,en,,,
247447,fa,,,
248212,en,,,
249397,en,,,
249753,es,,,
250806,pl,,,
252246,en,,,
253011,es,,,
253129,en,,,
253318,cy,,,
253318,en,,,
253332,en,,,
254595,en,,,
255666,de,,,
255885,en,,,
256096,en,,,
257477,es,,,
257615,en,,,
257708,es,,,
257891,es,,,
258308,he,,,
258450,es,,,
258614,en,,,
259987,ar,,,
259987,fr,,,
260949,en,,,
260949,tl,,,
262655,es,,,
262958,en,,,
263640,en,,,
265640,en,,,
265761,ar,,,
267666,ru,,,
270723,sh,,,
272886,de,,,
277621,en,,,
278122,it,,,